# shape=[32, 32, 3, 3] dtype=float32 order=C (last axis fastest) count=9216
-1.12583983
-1.1523602
-0.250578582
-0.433878839
0.848710358
0.692009211
-0.31601277
-2.11521959
0.322274923
-1.26333475
0.349983186
0.3081339
0.119841509
1.2376579
1.11677718
-0.247277647
-1.35265374
-1.69593132
0.56665051
0.79350841
0.598839462
-1.55509508
-0.341360301
1.85300612
0.750189424
-0.585497141
-0.17339702
0.183477923
1.38936615
1.58633435
0.946298361
-0.843676805
-0.613583088
0.0315927416
-0.492677033
0.248414755
0.439695865
0.112411186
0.64079237
0.441156268
-0.102309652
0.792443991
-0.289667577
0.0525074862
0.522860408
2.30220532
-1.46889389
-1.58668876
-0.673089921
0.872831225
1.05535758
0.177844122
-0.230335474
-0.391754389
0.543294668
-0.395157516
-0.446217209
0.7440207
1.52097952
3.41050267
-1.53118432
-1.23413503
1.81972528
-0.551528692
-0.569248021
0.919971287
1.11081612
1.28987384
-1.47817433
2.56723285
-0.473119795
0.335550725
-1.62932599
-0.549743652
-0.479834259
-0.499682158
-1.06698
1.11493957
-0.140671432
0.805753648
-0.0933482274
0.687050223
-0.838315368
0.00089182175
0.84189409
-0.400034547
1.03946197
0.358153105
-0.246000946
2.30251646
-1.88168919
-0.0497270226
-1.04497862
-0.95650053
0.0335318595
0.710086584
1.64586699
-1.36016893
0.344565421
0.519867718
-2.6133225
-1.69647467
-0.228241682
0.279955
0.246926397
0.0768870041
0.338005811
0.454401761
0.45694077
-0.865370989
0.781307936
-0.926789403
-0.218833685
-2.43506527
-0.0729145259
-0.033986602
0.962518275
0.349168241
-0.921461999
-0.0561947823
-0.622698486
-0.463722169
1.92178237
-0.402545512
0.123902477
1.16478348
0.92337352
1.38729525
-0.883375764
-0.418913454
-0.804826677
0.565609097
0.610364616
0.46688354
1.95065713
-1.06309855
-0.0773257539
0.116398655
-0.593990624
-1.24392855
-0.102092631
-1.03354836
-0.312638849
0.24578549
-0.259641498
0.11833705
0.243958324
1.16460061
0.288575858
0.386597753
-0.201063916
-0.117926985
0.192199096
-0.772156894
-1.90034556
0.130677432
-0.704294145
0.314720958
0.157392889
0.385362715
0.967145681
-0.991082847
0.301605463
-0.107316881
0.998456359
-0.498714775
0.761110902
0.618300855
0.314048558
0.213333011
-0.120050833
0.360459745
-0.314035505
-1.07870805
0.240810513
-1.39622736
-0.0661445633
-0.358355075
-1.5615617
-0.354643285
1.08107257
0.131478056
1.57353759
0.78142935
-1.07865798
-0.720909834
1.47079253
0.275635004
0.666781068
-0.994389653
-1.18936467
-1.19594979
-0.559630096
0.533471823
0.406886637
0.394586533
0.171510965
0.87604475
-0.287087411
1.02164006
-0.0743949115
-1.09222364
0.392026395
0.594526112
0.662274063
-1.2063024
0.607439697
-0.547156811
1.17108917
0.097496286
0.963374257
0.84032321
-1.25365472
0.986836135
-0.494655043
-1.28304303
0.955221832
1.28357768
-0.665861607
0.565133691
0.287703723
-0.0333752558
-1.06188846
-0.114426173
-0.343335837
1.57126486
0.191614881
0.37994194
-0.144757465
0.637617886
-0.281290084
-1.32987595
-0.142010704
-0.534145772
-0.523379028
0.861504257
-0.886963129
0.838774681
1.15289521
-1.76109755
-1.47774279
-1.75567114
0.0761661977
-1.07860351
1.44034171
-0.110594191
0.576860249
-0.169174105
-0.0640248731
1.03842556
0.906823516
-0.475513548
-0.870744169
0.144742906
1.90285647
0.39039579
-0.039372582
-0.801471829
-0.495544314
-0.361514062
0.585113227
-1.15600681
-0.143364877
-0.194740579
-0.0855633914
1.39452028
0.596900105
-0.482848346
-0.366098613
-1.32705224
1.6952796
2.06549954
-0.233957678
0.707318306
0.580048084
0.268302083
-2.05893874
0.534020483
-0.535394907
-0.863665581
-0.0234943498
1.17166984
0.398687214
-0.198715523
-1.15594089
-0.316669762
0.94029808
-1.14695418
0.55880332
0.791758537
-0.184675768
-0.731772482
-0.0806519091
-0.980060756
0.0604915842
-0.488954693
-0.813731253
0.819994807
-0.633173406
1.29475474
1.46282923
-0.620433688
0.988389194
-0.43217802
-0.62321943
-0.216245338
-0.488676041
0.786955297
0.107590728
-1.07147765
-0.116647765
-1.01697075
-1.19797814
0.478437752
-1.22952414
-1.37003672
1.54354179
-0.0332069993
-0.418626368
-0.255596489
-0.129231021
-0.0545947552
0.408346742
1.1263659
1.9350574
1.00768507
1.00464165
-0.433519721
-1.2425977
1.28455007
0.243772283
0.530368567
-0.0145307295
-2.23571801
1.46603012
-1.21905816
0.644230008
3.93000388
-0.124424279
0.295341671
0.38265419
-0.54972136
-0.99403578
1.34593689
1.94566822
-1.29036391
-2.3494761
-2.06886196
0.909421086
-0.694620073
1.95945716
-1.10382783
0.541141808
1.53895831
1.08604896
1.24640501
0.115075059
1.61930728
0.46369341
1.30073547
0.873230517
0.0651267022
0.773241043
-0.970138431
-0.887676895
-0.318317056
-0.334403872
0.454283655
0.498953044
0.877997458
0.389444351
1.4625175
0.479506016
-0.53339988
-0.0346513465
0.657296956
-0.311224312
-0.562003553
-0.483492613
-1.27211261
-0.174018443
0.554116845
-0.181655243
-0.234473392
0.294201493
0.797322869
1.26421547
0.935491681
0.545463204
-1.53738868
0.312438637
0.740059674
1.45022082
4.10149336
1.11822569
-1.5668478
-0.698975444
0.574386716
1.23806322
-0.640540123
-0.764472842
0.240840584
0.166425735
-2.23181415
1.38921094
-0.502332568
1.67969298
-1.02395296
1.68592429
-1.21769202
0.764963329
1.19711864
-0.712786853
-0.0655754134
2.20497036
1.78517103
-0.0118406806
0.979667127
-1.06605148
1.7719636
-0.279260188
-0.276901692
0.748925447
-0.643455148
-0.951759338
0.27152124
0.671578884
1.84998202
1.19095004
-0.589856386
0.964693785
-1.50935125
2.25573063
1.22879565
-0.485460818
0.453570962
1.35144472
0.433926821
-0.51325202
-0.186026841
0.27565816
0.109690644
0.359424084
-0.753738701
0.229399577
-0.254444182
1.58001351
-0.244364366
-1.1991092
-0.0256861709
1.80237508
-1.05965281
3.40282631
-0.568669975
-0.47548905
1.74316311
-0.204407454
-0.316414386
1.29374373
1.34526265
0.193943754
1.57167482
-0.382735163
1.39508343
0.342745513
-1.60449243
-0.587305307
0.600388467
0.437803507
-0.0964546874
0.33026883
-0.187518895
-1.42706466
0.59255451
-1.15819132
0.0357609242
0.216012582
-0.916079998
1.55985129
-3.15372443
-0.561102509
-0.430297107
-0.333225161
-1.54639733
-0.0147169065
1.22511184
1.59363842
-1.63149726
-0.0568769611
0.629658997
0.271169037
-0.685982704
-1.09179425
1.679667
-0.880824506
0.580032825
0.364229888
0.0881340578
-1.30691206
-0.706369758
-0.164216146
-0.971468151
-1.03084397
0.647279263
-0.190615118
0.716650963
-2.00018859
-2.40965772
0.219422892
-1.69886053
1.30942416
-1.66129482
-0.546072841
-0.630177915
-0.634650052
0.974664509
0.209842518
0.0298898574
1.70923519
-0.725758612
-0.773537159
0.596214354
-1.25041878
1.14559329
0.739341855
1.25319803
-0.444523096
0.818451941
-0.818016112
0.360316038
-1.61461067
-2.47336149
0.0361557864
-0.342218012
-0.381692261
-0.0568785109
0.843617499
0.682873845
3.39439583
-1.66877806
0.510858595
-0.285984993
0.335051864
1.17193723
1.29550219
0.89086163
-0.489848018
-1.17265737
-0.687045455
-2.33485818
0.0940407589
-0.202082172
-0.0595241375
2.01184177
-0.336791694
0.325980335
0.535201967
1.97328949
-0.207510993
-0.0305744931
0.126728147
0.0055465633
0.794336021
0.407153606
-0.36090219
1.31025481
-0.965052664
0.880611181
-0.102474377
-0.677010059
-0.410660774
-1.61855543
0.507908106
2.32295418
0.229775339
-0.529652894
-0.873306692
0.00426141918
-1.25788677
-1.08446777
0.752979398
0.323647738
-0.27501002
1.30561185
0.211751819
0.271962315
-0.926843166
-2.7329998
-0.564173698
-0.273999631
0.139780581
0.508561969
0.277099729
-0.98124963
0.888846576
1.56899524
-0.0818525851
-0.349400103
0.202426523
-0.288383126
0.148297608
2.41873121
1.3278693
-0.263860226
0.364465922
2.54401636
-2.68946719
2.44260931
0.0103745097
-0.99648881
0.978500068
-0.441439539
-0.26104334
0.797976851
-1.10714471
2.33057547
-0.765017629
-0.474967152
-0.49525699
-0.198360503
2.21487951
-0.13668862
-1.01816058
0.178405389
-0.513585746
-0.564428866
-0.918368101
-0.749563456
-0.0949329585
1.1008662
1.31046069
-0.292845964
-0.788344204
-0.169521257
-2.17486167
0.720247507
0.285446167
0.229030102
1.28326917
-1.37920499
0.540756583
-0.947807431
0.202143952
-0.350748122
0.545005262
1.54121077
0.600239217
-0.338014901
0.404662937
0.893128633
-1.45409095
1.18749356
-0.299523443
2.29631829
0.330545634
2.17476797
-1.24595284
2.49661326
-0.706882894
1.15044856
-0.549767077
0.815517962
2.00054502
-0.439347476
-0.431898028
-0.472928643
0.325641125
-0.973621309
0.797892511
-0.573300421
0.206049487
0.213736236
0.954396069
0.733062804
-1.45520985
-2.04579759
-0.17707549
0.624047399
-1.68891001
0.817578971
-0.389597356
1.27761078
0.514681458
0.348517418
-1.03787243
-0.958687186
0.918174505
0.488797367
0.983928323
0.99613601
-1.16577208
-0.585371137
-0.186192736
-1.23744214
1.18389809
-0.195454016
-1.33660877
1.05113196
-1.02693403
-0.287495315
1.84797323
-2.39495611
0.407697827
-0.169885918
0.584177613
1.05043066
1.28557897
-1.61651993
-0.768962383
-1.22046173
0.573128104
0.699196815
0.251055717
0.278451741
-0.0946346596
1.61043274
-0.121664941
-1.39413297
-0.904787242
-0.34669891
0.704936445
0.0305445809
-0.854238331
0.538818359
-0.526490092
-1.33204079
1.54513788
0.408625931
-2.05464268
0.525905311
0.599464238
-0.407819331
0.453023255
-0.391789347
2.14034963
-0.20620288
-0.0983885601
0.485467166
0.707570851
0.0430650674
-0.439437926
-0.676114738
1.738886
-0.94229275
-1.06464624
-0.229709223
-1.25640392
0.557012975
0.157614857
1.02706885
1.22928143
-0.0012231326
-1.80954552
0.692562997
1.19821358
1.31669009
-0.3483226
1.20750368
-0.647828817
0.526524782
-0.95079118
-2.14557862
0.382710367
-0.409746826
-0.738603294
1.65527558
0.520371854
-0.232616022
0.497416645
0.268522203
1.47687864
0.354795069
1.62470853
0.593422532
-1.72541153
-0.622015595
-0.00624940079
0.895197332
-0.00769986911
0.0451716185
0.579344451
-1.58251882
-0.587792218
-0.113982558
0.701437533
-0.555606306
-0.381693184
-0.0442440994
0.519582629
0.760080695
-1.02926695
-1.25040483
-0.113693677
-0.614020526
0.853007674
0.155098274
1.1059221
1.09445274
0.570273042
0.776366174
-1.3568337
-0.765395224
-0.209026247
-0.26518333
-0.777855098
1.40723395
-2.97766423
-0.144182369
-0.849926591
-0.297831774
2.12925076
0.502732456
-0.887089849
1.99741638
-1.6983763
-0.67200458
-0.761709929
-1.91453874
-1.12175941
-0.603557765
-2.41896939
-0.917043507
0.701837003
-0.756097496
0.376346946
1.12796593
0.0218965337
1.49373126
-2.19259095
-0.109066181
-1.56896448
0.558114886
-1.06546962
0.402577639
-0.405241668
-0.583366156
-0.258523166
-0.605559468
-0.188242704
0.959606647
0.680009246
-0.769220829
-0.0728835911
-1.44334602
-1.26225805
0.58818084
-0.87655586
-1.03526592
-1.21522152
-0.169627622
0.582280517
1.88970816
0.270748466
0.730144739
-1.28012025
-0.358179361
-0.0612594113
1.3390553
-1.05889952
0.4159275
-0.780119359
-0.0244226605
-0.944518209
0.0760863051
3.11461735
-0.81076771
-1.10520816
-0.723306537
0.788231075
1.36452675
0.373651356
-1.00043404
0.00155953877
-0.131558686
0.103148796
-0.369794101
-0.711596072
-0.120299615
1.23830819
0.198523149
-0.798508584
0.276048809
0.098189123
2.4820919
-1.20067406
1.02095759
-0.386971533
-0.0568886958
-0.273444384
-0.0610538386
0.532088816
-0.897183299
-1.30165577
-1.37282526
1.69093239
-0.462199688
0.203584954
-1.03282869
1.13048077
-0.570301294
-2.10093784
0.3899225
0.0873434991
-0.857360601
-0.274616152
0.443212092
0.959109724
1.33195317
0.773311675
3.05669689
-2.48780298
-1.6961745
-0.0509673916
1.39256883
2.29754233
0.52725476
0.151381776
0.518824399
-0.589620948
1.00068021
-1.31743121
0.0056001856
0.567883074
-1.41920328
-0.322634429
0.160126984
-1.48356235
0.823374093
1.01663446
1.28675354
2.08200669
0.116743095
-0.148229212
0.893053591
-0.761831641
-1.53878832
-1.78456485
0.695488572
-2.45619512
0.0206974167
-0.125317976
1.68623936
2.27623892
-0.956782639
0.71448344
0.844455361
0.0699334815
0.00623298623
-1.40553021
0.11945226
-0.331221491
-0.840735137
0.461118162
0.615967214
-0.21903789
-0.240665019
-0.625095665
0.816149235
-0.571069062
-0.119452812
-0.427360833
0.814325035
-1.41207635
-0.0997736976
0.0749361962
0.590321839
0.398556411
-0.635890603
-0.353853792
-1.09899771
-2.05434895
-0.0806624293
-0.000535374042
-1.14543998
2.0060811
-0.17704834
-1.51466966
1.07495546
0.0507649332
-1.65574396
-0.461488128
0.0380770341
-1.32404816
0.554826319
-0.722726285
2.12211537
0.049964603
0.452127546
0.81456995
-0.139418826
-0.367670417
-0.457354844
-1.29454982
0.701186895
-1.90976584
1.05381358
-1.04730678
0.225115374
0.679832935
0.528867543
0.354224414
0.580520093
0.0369020328
0.623025775
0.839757919
-0.881984651
0.965045154
0.868832588
0.887984574
-0.92478466
0.32409665
-0.818960309
0.362417579
0.222114876
0.279031754
-0.315174222
-0.401036233
0.215717807
1.28537881
-1.03859496
-1.63396192
0.53742671
1.08261299
-1.71046817
-1.08408248
-0.128738061
-0.681077302
-1.30989599
0.66026926
-1.412063
1.83458102
0.456194252
0.274988651
0.199279964
0.109113462
-0.842998505
0.605169713
1.3176558
1.07100475
-1.22171533
0.628865004
1.01341665
-0.799432814
-0.125668198
0.67592597
0.862501502
1.7967968
-1.50773215
0.0727499276
-2.2924912
0.537125468
0.681682587
-1.49633384
-0.982475281
0.718393803
0.440211952
-0.561903536
0.663950205
-2.10332489
0.877717197
-0.237188831
1.56572521
-1.1442709
-2.66332006
2.12452507
1.38750887
0.811534941
0.162922651
-0.671868861
-1.69284821
-1.07492673
0.854341388
-0.591451526
0.424459964
-1.24012136
-0.0706719086
-0.0632004067
0.591973066
-0.445561856
-1.21898031
-1.55115092
0.472384036
-2.7393508
0.025881581
-0.196236923
-0.782057166
-2.14070272
0.333739579
-1.12298143
0.620968759
-0.876394391
-1.77400279
-0.810375869
-1.47596204
0.667024791
0.668803871
-0.0751946718
0.164301395
0.0275003258
0.581315398
0.234984353
1.07167065
-0.522865593
-0.721290112
-0.205804065
-0.808767259
0.464662284
0.391480386
-1.34060371
0.759645998
0.728792369
-0.0667353943
0.555898488
-1.4076215
0.110627316
0.0351881273
-0.564558506
0.915884018
0.298981994
0.177091479
-0.343924254
0.229101479
0.43660593
0.270179838
-0.200221434
1.01841927
-0.416932613
-0.0307777263
-0.98460418
0.202377424
0.415626675
-1.20371497
-0.133298635
-0.293406725
0.464894205
0.576248705
-0.0577786304
1.17152858
-1.51849616
0.0475286469
-0.0103147514
1.43534696
0.251750529
0.740822732
-1.09815013
0.154789358
-1.39887619
0.0408038348
-1.11742008
0.702943146
-0.667476654
0.125382274
0.404710263
-0.654932201
0.0521242209
0.340055436
-0.212416261
1.56291664
-0.90715909
-1.56618524
0.0485476516
0.993504524
2.11797214
-0.182710499
-0.776845515
1.77642679
-0.503278375
0.0565759242
-0.548087537
-0.691732705
-0.655946732
0.694925427
-0.467058659
-0.167954147
0.758473337
1.18806458
-0.630461335
-0.065405719
0.618795097
2.00196123
0.295237899
0.531375766
-0.522704899
0.0994781554
-0.116882607
0.372823536
-1.02109766
1.07946599
1.14690614
-0.17329216
0.0637120232
-1.26991653
-0.6211707
-0.238075972
0.0892065614
1.80075204
-2.06265974
0.322170019
-1.13903737
1.24179626
-1.51865542
1.20050812
-0.445134819
0.0496783778
-0.173595265
0.766983867
0.618021786
2.78991199
0.432525367
2.13044548
2.55000854
0.299252093
-0.5837304
0.325483084
0.1332535
0.124883376
-1.49595928
0.018231241
0.345599622
0.0312060956
0.400390446
0.4257631
0.839517117
1.23894477
0.523906529
-1.65837169
0.548334897
-1.39832103
-1.97641432
1.23249042
-0.545575202
-0.0694138929
0.73224473
-0.150333449
-0.70713222
0.467497289
0.278677493
1.3356787
1.15531242
-0.0562979802
0.430615097
-0.932644963
-1.505319
0.103317082
1.52157855
0.365497321
1.4289279
0.364333123
1.68377662
1.01063156
0.621894598
2.28470016
1.5749048
-0.310513556
1.49572361
1.00337017
-1.43748164
0.0430973433
-1.64554644
-1.46464384
0.350138664
-0.105905451
-0.740494609
1.15769053
1.44337678
0.198399127
-1.10517979
-2.03711438
2.12876725
-0.204458103
0.468463659
1.20362854
0.31353876
1.58533442
0.879055679
2.7500124
-0.520313561
-2.29078817
-0.965348661
-1.89386034
-0.345915258
0.620199263
0.692247033
0.744969845
-0.92997694
-0.684852779
0.630015552
1.94480693
0.388372093
0.884571254
-1.10580015
-1.19740319
1.40195858
0.49731192
0.679916799
1.10853946
0.806495845
-0.153438166
-0.274529606
0.2855151
1.00410533
-1.18131471
1.67448926
-1.79342639
-1.29585004
-0.807051718
2.11922979
0.358343244
0.345147312
-0.185598135
-0.158921242
1.2183373
-1.12001729
-0.458843529
-1.29298878
1.07840216
0.116372705
0.269025922
-1.88188756
-0.545702457
0.222222358
-0.288686365
0.669292629
1.4944886
0.0243170783
-0.497814357
0.737829328
1.27627599
-0.154691115
-0.284568071
-0.629644096
-0.248559713
0.805654168
-1.10187852
-0.740825951
0.824076831
-0.95033443
0.65933305
-0.686290443
-0.291659206
1.86991894
-1.10535645
-0.144178465
-0.346256196
0.822385728
0.940720797
-2.20809722
0.419049501
-0.248604462
-1.34523404
-0.299886823
-2.1942997
-0.303861946
-0.209222123
0.682513595
-0.129445076
1.21427882
2.48950815
-0.745310366
-1.71588647
1.36725867
2.20129132
0.140834808
0.72174716
1.46716225
-1.45403135
-1.63367569
-0.741569042
1.05810726
-1.59527016
0.627875268
-1.54224348
0.219901577
0.878527582
-0.0544172488
-0.448124498
1.15563381
1.31680381
-1.08006918
-0.646777451
1.17348385
0.390445918
-1.10498798
0.845687687
-0.468377531
-0.639769852
0.0927554294
1.23684883
3.02293181
-0.485666871
0.242855355
-0.156346262
-1.68923867
1.33401823
2.007833
-0.234593242
-1.07436407
-0.801383018
0.889775097
-0.28214711
-0.471090198
1.94176507
0.696427941
-0.574370086
-0.961583674
-0.224282548
-1.40993416
1.06512797
0.418323666
0.713301003
0.365537792
-0.835837305
-1.9481411
1.83674049
-0.418392658
-0.125621483
-1.4450779
0.00193086546
1.31036055
-0.525747597
-0.0341359302
1.4708159
2.29545188
1.20936692
0.053563673
-0.370495975
0.265040845
0.163462147
-0.751577139
0.285274595
0.420389295
1.19177186
-0.0799388513
1.20394647
1.89882386
1.54947293
0.209594905
0.0455003381
0.162720621
-0.058489278
-0.778617442
1.02685881
0.624161661
0.291415691
0.556998312
-0.746977866
0.059455581
1.11907411
0.0117018754
0.0145021733
-0.722869635
-0.201041043
-0.86678201
1.24868786
-0.837364793
0.224709332
-0.84383285
0.894458234
0.228176534
0.170022219
0.781442285
-0.532856584
-0.925581515
-0.203093126
0.481808126
0.46471861
-0.854025781
-1.56423831
-0.157246321
0.939696074
-0.149138853
-0.143586904
3.72510004
1.73269606
-0.742273092
0.144647941
0.317301512
0.629807174
-0.470444411
0.215050817
-0.412994862
-1.83100939
-0.0338307172
0.366093487
-0.0234676432
-0.451050341
-2.19999886
1.46919739
-1.6804297
1.15252697
1.80863857
-1.56694639
1.39857221
0.27512747
-0.333591819
-0.677761793
1.28946006
0.49883005
-0.529161572
0.106620044
-0.971921086
0.225261196
-0.62667954
1.66083491
0.199605629
0.96868664
-0.529347897
1.67825043
-0.85122329
-2.05294847
-1.35178256
-0.0289220139
0.802489996
0.262802541
0.690109253
0.397164345
0.560185909
-0.105505705
0.277478248
1.04790115
-1.8560214
-0.732474029
0.87161535
-0.758980632
1.62945116
-2.33790326
-0.276703179
0.258083552
0.556987882
1.583112
-0.431391895
0.379871219
-0.844168127
-0.0363126881
0.0981206968
0.963564396
-0.770052373
1.17339635
-1.5960741
0.808336675
0.416508496
-0.225931808
-0.321708053
-1.78365314
0.468177676
-0.887315452
-0.0827302262
0.814225018
2.70580006
-0.532230794
1.49997044
-1.68035865
-2.4878757
-1.21859777
-0.256617308
1.39725113
0.0901670679
0.0857650116
-0.445688456
0.357954651
-1.87063432
-0.855205595
1.06841493
0.0960608795
-0.684252799
0.398914129
0.257843286
0.199016228
-0.158406198
0.739034772
-0.25059557
-0.197411522
-1.9860146
-0.629848719
0.610767245
-0.141539648
-0.683012664
1.38557088
-0.0816544741
-0.666983187
0.460946262
-0.401990145
0.563352048
-0.933451712
-0.471055627
-1.04696023
0.425498039
-1.55155885
1.50010347
-1.00450897
-0.0128493076
-0.788744569
1.44925725
0.232022345
-0.00609809766
-0.0230138339
1.11812532
0.234257445
-1.63123882
1.30013108
0.239212736
-1.84120953
-1.69489121
-1.01431239
-0.445647299
-0.75461781
1.1411221
-0.713200688
0.697717726
-1.21172047
-0.139579192
-0.208902881
1.1369139
-0.784713745
0.782621861
-0.97468555
1.20565403
0.183886141
0.276921153
-0.415222019
0.230984971
0.183049843
-0.417738944
-2.36063361
-1.22229242
-1.06942248
-0.399976104
-1.09846616
-1.15576017
-0.327288866
0.376786143
0.996294916
1.10906351
1.13838685
0.395645738
0.48467055
1.42511344
-2.21507716
-0.259389311
-0.643279195
-1.628847
0.299415141
0.4768399
0.0577807687
-0.997003794
0.0629850477
2.07766795
-1.15608597
-0.838057041
0.00451308256
-0.0826261714
-1.14230359
0.511520326
0.274388045
-1.25838304
0.750962496
-0.219129801
0.628683448
-1.53427684
-0.697073281
0.210976765
0.546793461
-1.03356779
-1.91826093
0.254304767
-1.64491725
-0.434836537
-2.10275126
1.95332658
-0.471869916
1.51159251
-0.112437084
0.87432611
0.0450728722
-0.482916027
1.80409443
-0.253339857
1.25635874
0.527796805
1.49316943
0.19184117
-0.196511835
0.529534698
-0.566411972
-0.190081403
0.112108864
0.568946362
1.6702224
0.190884575
-2.19607997
-0.603543937
0.00399135146
-1.06998694
0.586108267
-0.471225291
-0.150254264
-0.584700942
1.9886384
-0.0233785789
0.711650193
-1.06293249
-0.0641127527
1.17834556
-0.652372897
1.25979495
1.50866115
-0.0793680996
0.819443226
0.836355925
-0.362183511
-1.15382838
-0.561179519
0.707910419
-0.103516445
-1.16138995
-1.34019148
-1.87283015
-1.24143457
2.03397942
0.136266217
-0.50109762
0.80826807
1.29817879
-0.0252035074
1.25165606
-0.888945222
-0.724370599
0.430939525
-0.994337678
-0.116004951
1.16901207
0.00488012098
1.26852202
2.09068894
-1.71427
-1.09705687
-1.0661993
0.439490944
-0.601097584
-2.20423937
1.42147839
-0.94669956
0.0799748376
0.154208586
0.640794873
0.293646157
-1.21137333
-0.473887086
0.0292216279
-0.634348929
-0.467797101
0.377399683
-0.701318324
0.912006736
0.146839365
0.605478942
0.264926523
0.391056329
0.896933198
-2.01445699
-0.362375557
0.0370763727
0.217464581
-0.415105015
-1.17250192
-0.15451932
-0.862888217
2.42832899
-0.67042625
1.31112301
0.666414499
0.818972945
1.76254427
-0.750739396
0.724523365
-1.30148673
0.145071104
0.227235034
-1.02637613
1.86398959
2.74738717
0.242565319
-1.18590236
0.645960927
-0.700314701
0.889089882
1.11274993
1.05702627
0.335303813
-1.29472053
-0.257022589
-0.478135198
-1.90519643
-1.69516313
1.0106076
-0.71708101
1.14688671
-0.0763296783
0.443333179
-0.597328305
-0.965999126
-0.0236299913
1.17782247
-0.640805721
1.25925648
-1.64062834
1.42814231
0.98619324
0.617877662
-1.72815132
-0.272527903
1.29935384
-1.10930967
-1.88110709
-1.30084264
-0.765375972
-0.477722138
-1.23066378
-0.495791733
1.06168747
1.2442472
-0.550820827
-0.520523787
1.54144847
0.0359916948
-0.87966162
-0.980093956
1.68610251
0.236781806
1.56489968
-0.223338202
0.175314665
0.0859397203
0.387518525
-1.17939281
1.57826793
-0.20817028
-0.485173583
-0.0437149405
-0.11596296
0.79777801
-0.242521808
-0.476059794
-0.379565597
-0.0114232535
-0.451230049
1.0632304
0.249687687
-0.0545494817
0.812918365
-0.957557797
1.21393645
-0.572493672
0.0793296099
-1.12294233
-1.41570604
-0.229589179
0.15753974
-1.18568349
-1.29096472
0.00347490143
-0.771064579
2.67148423
-1.94610167
2.21479321
1.67455637
-0.238823622
-1.91765785
-0.679786921
-2.55493736
-1.34548092
1.9527173
0.837726474
1.41180277
0.400271118
0.682007372
-0.885359287
0.379586905
-0.491500825
0.488454968
-0.342125535
0.457871079
1.37090719
0.0458561704
-0.897713244
0.335310638
-0.793864012
0.696809411
-0.229667887
-0.587872505
-0.47360456
0.0257297494
-0.465043813
-0.694591403
-0.0422860868
-0.902478397
0.586042881
0.464027673
-1.21950531
-2.53166032
-2.58653355
-0.870731413
0.13718918
0.0300876219
1.0205009
0.0893788561
-0.487889916
1.0724982
-0.234067529
-1.18217695
-0.346325159
0.269682646
-0.785572708
0.74366653
-0.988382697
-0.0279294569
-0.0342830271
-1.5015589
-1.03620923
-0.260044187
-0.917049885
-0.699899852
1.09876192
1.94331789
-1.20900548
-0.0308613908
0.601680219
-1.44225264
-0.100579284
-0.0598337762
0.168300807
0.81043154
-0.323124856
-1.93881214
-1.00471914
-0.197821856
-1.40430796
-0.531582296
-0.280853927
0.344308943
0.465205461
0.500615478
-0.637380779
-0.791651785
0.713387668
-1.47888434
-0.250536293
-0.0796061903
-0.147944227
1.08183324
0.00630845595
-0.451993912
2.2745955
-0.911927998
0.510464311
0.531601608
-0.959146082
-0.115644939
0.515696526
-0.114243194
-0.582770586
0.121441305
0.680292547
-0.349711061
1.77101076
0.934900463
0.69579798
1.90513742
-0.0245243534
0.629119456
-0.276006848
0.0104645602
1.16036606
0.137549728
-0.724638462
-0.654284239
-0.47844857
-0.281394422
0.122086681
1.00943327
1.0336467
0.487586707
-0.926500022
-0.574798644
0.730009913
-0.928683341
0.174280047
0.11351043
-1.38727891
-2.88542724
-0.058766719
0.530050755
-1.54921079
0.496761829
1.67282069
-0.315086842
-0.296546876
-0.356845826
0.0829137191
-0.518717885
-0.0839412138
1.30689359
0.719507635
-0.203690425
1.15699697
-0.445562422
0.633791208
-1.48151684
1.7312566
-0.270430714
1.09535158
-1.67351949
1.41376281
-0.707321227
-0.881290674
-0.5895347
-0.836256683
-1.83544958
0.476499945
-0.123386152
-0.255738378
0.317287266
-0.840560138
0.791865289
-0.704226017
-0.195313588
-0.27725932
0.582960665
0.296715051
-0.571203411
0.855772614
-0.106627502
-0.593469799
-1.16577744
0.566071033
1.62283647
-0.0645956621
-0.622189283
0.867739856
-0.285756171
0.604297996
0.073975645
-0.800372422
-0.097283341
-1.53246117
-0.381231219
-1.66874957
1.08693492
0.665697277
0.884698391
0.467111886
-0.645218551
-0.440891564
-0.322615772
-0.993548751
-0.820451498
-0.319841802
-0.31016466
0.41221115
-1.447106
-1.17963004
-0.832881212
0.453617454
-0.820905745
1.01063573
1.33725202
0.178134754
-0.019204434
-0.51011014
0.0324184597
-1.05600893
-0.206174508
0.971927345
-2.61613154
-0.101382263
0.861695111
-0.311579704
0.770921052
-0.841601431
1.79622006
0.192372859
-0.177724332
0.321368068
1.87933207
1.00576031
0.870822549
-0.690150976
-1.19333959
0.831456661
0.57424736
0.264815271
1.02641201
-0.36999166
0.757121921
0.319633245
1.53306866
0.818266809
1.25115144
-0.457050174
-1.08580649
0.0430817679
0.495199084
-0.935542285
-0.642941058
-1.27634406
-0.665893376
-0.198232517
2.18502688
-0.0448924489
-1.16162109
-0.592098832
0.74569732
-1.18698442
-0.822070122
0.605122864
-0.990456641
-0.253389806
0.0529655814
1.65672505
0.448849678
0.252014339
-2.2690773
1.11789799
0.213411227
0.308765113
-0.724761069
-1.09704828
-1.05622578
1.67720592
0.296998769
0.770507336
-0.134055823
0.19057031
1.40814805
0.561289966
0.819460213
-1.14482367
0.14497897
-0.43009907
-1.27294672
0.346848279
-0.19058986
0.251125216
1.35418046
0.00141478761
-1.01867735
-0.948480189
0.702076018
-0.0676356927
1.08053231
-0.5553388
-1.41026735
-0.760769844
-0.499794722
-0.939432681
0.615406811
-0.219704807
0.0161737222
1.98026645
1.52847838
-1.90093505
0.394480765
0.580520749
0.0205882937
0.419664443
-0.776302099
-1.24588835
0.0633438602
0.650966763
-1.08314896
0.546423197
1.33037889
-0.0423699655
-0.560257733
0.694705963
-1.11983347
-0.0528609492
0.761802554
-0.76102829
-0.839472651
-0.774599552
-0.788851798
-0.547268629
-0.273061484
1.79555547
-0.704914927
-0.332706839
-0.615457118
-1.29946208
0.723680019
1.68265927
-0.345001787
0.0790421069
0.407494575
1.03899157
-0.437542021
0.991215527
0.409635991
1.05040312
-0.687171578
-0.953862429
0.727099657
-0.76823777
-1.32237744
0.480516165
-0.430488557
0.0365246162
0.126930743
0.596599221
-0.230578795
0.438811868
0.381050467
1.71622276
-0.00392117631
-2.05640769
-1.59193301
-0.245233506
0.302785158
1.18423641
0.671159923
-1.00357544
0.475603908
0.837653577
0.837364137
-0.794228852
-0.362169802
2.16088271
0.314766824
3.09737349
0.012120802
0.803220451
-0.696175873
-1.06445777
0.238365084
0.013248655
-0.423694074
-0.0925825909
-0.85187614
-0.0542690419
-0.802528143
-1.11039865
0.215076655
-0.359443694
0.578503907
0.780556083
1.29629934
-0.794227183
-1.14281404
0.0492644981
0.410318106
0.0306421984
-0.0628492534
-0.569904804
-1.20495617
0.254276127
-0.0637391433
0.189378902
0.825309396
-0.701364994
0.787799597
-1.10251391
0.126954153
1.82445252
-0.144635558
-1.71253419
0.36173889
-0.462515861
-2.15310168
0.536962867
0.581638992
-1.32501495
-1.31467271
-0.524796486
-1.30415881
-1.09375668
-1.703444
-0.672976315
0.505302608
1.49765396
-0.545440674
-1.33464789
0.47448954
0.484384626
0.434399456
-0.733470559
0.452991307
0.32460618
-1.30745947
-0.640603364
-0.450100482
0.772853494
1.28181338
-0.481713504
1.2246666
-0.437545508
0.371985734
-0.320367604
-1.01102006
-1.19929838
0.213302463
1.79544365
0.409270793
1.32806516
-1.03752744
0.224494323
0.217862517
-0.925739706
0.344754696
-1.44566655
-0.93554163
-0.427279711
-2.01080346
0.0529311672
-0.243553564
-1.5032146
0.582490385
-1.38615847
1.12151468
1.33484197
0.711850047
-0.779440761
-1.43599796
-1.55176365
0.228647426
0.125963897
1.06373382
-1.23372447
-1.06693232
-0.0790536329
-1.86389256
-1.70897782
1.06362116
0.317313135
0.368795514
0.0304424986
-1.56707644
-1.11301076
2.67958903
-0.930064082
-0.241753757
0.884876549
0.204728946
-1.05697322
-2.19607329
0.100599423
-1.12433231
-0.414834201
0.568540514
-0.983836293
0.920947671
-0.110265113
-1.87292922
-1.22451437
-0.275178045
0.991551042
0.788921058
1.05394578
-1.4463979
-0.497711509
-1.76689017
1.03841138
0.0561482273
-0.709732831
0.550808489
1.53812325
-0.338395119
1.47067583
-0.321378142
-2.20599532
1.0064708
0.338496417
0.157225281
2.31869292
-0.193720222
-0.397464007
-0.833413303
-0.903994441
0.392359704
-0.196206838
-0.782396019
-1.01044369
-0.975486755
0.707916439
1.37399077
1.51599395
0.41965887
-1.08959877
0.176524073
0.758843005
-0.0639049858
0.344661444
0.512452006
0.643246889
-0.925098658
0.797191262
0.00969636347
-0.0842974335
-1.52015853
1.08224702
0.581883967
1.40912199
-1.11138833
0.43131876
1.75880587
-1.00334549
-0.444836408
-0.239224494
0.373901755
2.48635125
0.399347335
0.508403361
-0.0795718431
-0.0341288224
1.1534034
-0.700298011
0.139183715
-0.064182274
-1.23470438
0.369483531
0.395101875
-1.18073499
-0.413822591
-0.0604046509
-1.24466586
-0.745640934
0.896510184
0.140604779
1.61558211
-0.409582257
-0.0475046337
-0.0627167821
-0.772556841
-0.678797603
-0.500711143
-2.78543234
0.985962868
1.7815007
0.890896618
-0.593529522
-0.988327384
-0.907386661
-1.62356925
0.801051915
1.99786508
1.73182869
-0.104824208
0.668368459
0.446878076
0.458089769
-0.672509253
1.35610092
-1.2209357
-0.769854307
-0.805658638
0.813652337
-0.0101825092
0.469499648
0.358827263
-0.208046988
-0.994565189
-0.356883943
0.332269847
-1.96627307
0.745209932
1.86659968
-0.957984924
0.628756464
-0.0312458053
0.635140538
0.0176601
1.61823964
-0.0901663154
0.410579652
1.00377941
-1.10755944
1.29674375
-0.148612246
2.02510738
0.507298052
-0.471762508
0.211578056
-1.04237294
0.884036183
-0.746287823
-0.0287187118
0.289488137
1.32330012
-1.00481689
0.629364133
0.0836007819
0.248627111
-0.822452784
-0.363489717
-0.0275330357
0.871192634
0.402432978
-0.3453843
0.894873321
-0.453075498
1.40031576
0.763819575
0.191183969
-0.543772101
-1.06041241
1.68279922
2.35592294
-0.326051027
-0.729417384
1.36670113
-1.78794026
0.204548925
-1.66212714
-1.70466709
-0.614239991
0.344547033
0.400133014
-0.185897887
0.403325498
0.737313688
0.545994759
1.22853577
-1.28163755
0.242443398
0.836543322
-1.33948493
0.0138919577
-1.09831953
0.478079021
-0.0103392964
-0.828258276
-1.53810716
0.338566363
1.13747168
1.48788106
1.349931
-0.118773669
1.16371834
-1.07695079
0.155651733
0.553164303
0.617670476
0.546629548
1.86111522
0.500044167
0.328920156
-0.351971895
1.21737933
1.10538268
0.783115327
-1.12501645
-1.16645706
-0.827231646
0.472704053
-0.0528900586
-0.25851512
-1.38939118
0.0218604784
0.575628579
-0.0341695137
1.40074146
0.180027023
0.151030168
-1.15371168
-0.903269351
0.175134018
0.712678909
-0.4404082
-1.24854994
-0.586416245
0.554205775
-1.49643433
0.0972985849
-1.10945308
-1.25421357
-0.484937012
-0.118876487
-0.241073444
0.649841189
1.8022567
0.339725465
-0.0454448014
1.28021371
-0.0372271389
-1.2907021
0.293482512
-1.40695024
-0.140249461
-0.806953549
0.0707437545
-1.75289845
-0.981431007
-0.408473074
0.449260354
0.0179690979
-0.0509062111
1.79969513
-3.05761194
-1.72917056
-0.958063185
0.8003425
-0.0529690124
0.81943363
0.0897225738
0.598047078
0.983119369
-0.378512532
-1.11279881
1.13358498
-0.858877718
0.424800009
0.364157587
1.08827591
0.0108564226
-1.12041223
0.0103084594
-0.311173379
0.655457795
0.0614368394
-0.251461148
-0.693732142
0.15450941
-0.866153121
-0.283354133
-0.48283112
0.969913125
-0.236435205
-1.87031949
0.327652603
-0.522888005
0.930499136
-0.893862307
-0.138579696
0.440611511
-0.0413405113
0.696981907
-0.139590561
0.879238188
-0.805322111
-0.133926958
0.862366319
0.353504568
-0.843463242
-0.145082936
0.0801220834
1.41672301
2.1210444
-0.625391781
-1.49659252
-0.913579583
-0.678145647
-1.17731464
-1.0367533
-0.288689524
0.597090185
-1.15637004
0.214490846
-1.02689552
0.641852915
-1.78801286
-1.77965355
-0.427463233
-0.915039182
-1.3634181
-1.3115294
-0.0380198658
-0.567570567
-0.167025179
1.77322853
0.100985177
-1.45026648
-1.36632645
0.22445637
1.3507365
-0.193611056
-0.0671244487
1.27406919
1.80120611
-1.21520948
1.09540498
-2.06053233
0.566061199
1.40583444
0.44166714
-0.579837918
0.186139315
-0.391377747
0.108099647
0.213628754
1.36855781
0.39858672
-0.663648725
0.249597132
-0.00779475272
-1.4080987
-1.0544399
0.916440427
-0.667925119
0.898407996
-2.8299489
-1.15341771
-0.749826252
0.00162273308
-1.32009697
0.736519992
0.468187809
-0.472894758
1.02107584
2.02480674
0.0337034054
1.68716502
-0.259687811
0.188768789
0.0923657566
-1.02081454
0.327933609
0.011078178
1.99382508
0.898037732
0.751452029
0.43792966
0.609083891
1.54683065
-0.578359783
2.21233392
1.1565789
-1.06792688
0.473390967
0.434034526
0.43252337
-2.23925424
0.840535522
0.174256846
-0.305768341
-0.0623040609
0.80535835
0.345374852
-0.191651464
-0.239504755
-1.93118429
-1.07477343
-0.121907935
0.0506729148
-0.741501093
-0.229126707
-0.360924572
0.264077067
1.53717983
1.60320222
-1.24180961
-0.388456106
-0.609742105
0.0950971618
-0.520227253
1.12440789
-0.0676237568
2.200207
-0.740660071
-1.43681407
0.160609499
1.17851031
-0.962900221
0.295560122
-0.518263757
1.99642193
-0.347239465
1.03222239
-0.685828626
-0.104304373
1.02462018
0.401486695
-0.762149215
-0.173093513
0.744934499
1.29779434
-0.559067667
-0.78912437
-0.920421898
-1.08110809
-0.0239923224
-1.5130856
0.213298887
-0.87619251
0.594643414
-1.74124551
0.910090804
0.898332357
-0.0340909213
1.80438697
0.442729831
0.164799258
1.04778588
-0.335572481
0.495128751
0.0158771947
0.784311354
-0.449317396
0.566981375
-1.01701057
-1.30100477
1.21907985
-0.790420294
-0.403690308
-1.31063032
-0.857721567
-0.358099818
1.34045804
-1.4922998
-0.842395604
-0.173244447
-0.373276681
-0.0877762511
-0.623625159
1.16519034
-0.852609575
0.498235077
0.358098984
0.28534025
-0.0686169341
-0.0296040885
-0.846163213
-0.729484737
0.000865094305
-0.803258002
-1.49487019
-0.154231906
0.539708078
1.2035861
0.61862886
0.198778957
1.69371223
0.754709244
0.13573648
-0.75616169
2.13632441
1.80196309
-1.2687645
-0.651968598
-0.0237643607
1.11613142
0.54302448
-1.41596675
1.41679049
0.915034294
-0.0161464587
0.915974736
1.40626061
0.246016294
-0.919127703
-0.364709407
0.336188942
-0.178281441
1.0150255
-0.53257978
0.0366019979
-0.434394896
-1.208987
-1.08403885
0.642843962
-0.819207847
-0.982898533
-0.109209545
-1.23195672
1.08308935
-0.870450914
1.41772234
-0.679423988
-1.47871184
0.206706956
-0.865136206
-0.588003755
-0.182892576
0.514771163
0.259885103
-0.406482279
1.05892754
0.111943595
0.00111787883
0.339274108
-0.648696303
0.416979939
0.85559833
1.27080536
-1.14366007
0.25748536
-1.2535181
0.673435211
-0.884536803
1.40270221
-0.398065209
0.481948912
-1.08684778
-1.21545231
0.668689132
-4.09373713
-0.0948809162
-1.30662453
-1.03230751
-0.46916908
-1.63987005
0.84006542
-2.26522756
-0.744323254
-1.66963816
1.45023394
-0.603464127
0.42013213
-1.24365604
1.17751086
-0.244058058
1.1844672
-0.336062878
1.11213791
0.103400968
-0.152685151
1.49094832
-0.34563902
-0.266601503
1.14318597
-0.0592591017
1.01084614
-1.80667412
0.235821277
-0.530513048
1.84824157
0.119251981
2.18083811
0.520698249
-0.0768528581
1.73275697
-0.100498497
0.394376099
-0.375980645
1.09018791
-0.294683933
-0.776215017
-0.22920309
-1.08305705
-1.23659158
-1.18421376
-0.126810372
1.73503661
-1.00997841
-0.294224799
-0.403527021
0.184099942
0.627546012
2.09982753
0.767754614
-0.839637935
-0.353604317
-0.79891938
0.53838861
-0.952733755
0.468349785
-0.645752311
-1.27021074
-0.00226657651
1.20346987
-0.59550631
0.965567052
0.52316606
-0.351171076
0.68715924
0.025566902
1.51508379
-1.80572808
-0.977848768
-0.0881317779
-1.79155529
-0.643371999
-1.15680754
-0.124824345
0.627969086
-0.620908082
1.79090548
1.24451852
1.93244493
-0.582571268
-1.31207824
0.738951683
-0.375818282
1.63521039
0.2514745
-0.301880956
0.244218469
-0.882821918
0.0489394441
1.68129313
-1.86584926
-0.487969011
-1.0006088
0.143294185
-0.93881917
-0.603106081
-0.199813724
0.301717162
0.444459319
0.742592692
-0.805960298
-0.20253472
0.891769886
0.189132094
1.61977148
-0.384341061
-1.87980032
0.28711623
0.26195842
-0.358246773
2.84243703
-0.640104473
-0.587393761
1.13012207
-0.501360476
-0.607729912
-0.135606155
-0.631259203
-0.0104590142
0.74011451
-1.71602321
-0.00992630515
-0.696876466
-1.70594776
-0.305938572
2.15073514
0.217588454
-0.480945826
0.616202116
-0.293854505
0.2704916
0.792548597
-0.581953704
0.373268157
-1.37791061
0.548239648
2.20311356
-0.765946567
1.35360193
0.499374449
-1.56022727
1.13146222
-0.0504097417
0.548199236
-1.23510802
-0.475848019
-0.876435876
0.256689072
1.71139467
-0.876610219
0.863466263
0.799982727
-0.0900643989
-0.751721025
0.0577008985
-0.933797359
-0.933088481
-1.15306711
1.10590017
0.164465994
0.72073555
0.168043986
-0.830258608
-0.443496615
-0.419790268
0.134546116
0.981647551
-1.7592684
-0.526924074
1.3223393
-2.00063419
-0.638009787
-1.17137527
-0.84154892
-2.11790776
-0.0779210404
-0.197889224
0.555812538
-1.58297467
0.0933231935
-0.711745143
-0.449991494
-1.52466822
-2.05575848
-0.299842983
-0.644860029
0.628672361
-0.688712001
-1.14756835
0.685759783
-0.0293442067
-1.71882415
-0.294273108
1.53769016
1.75156724
-0.758277357
-0.375351995
-1.19108844
0.562866092
-1.83284175
0.881938159
-1.34920776
0.555545807
0.855775952
-0.202831343
-0.368053287
-0.653370619
-0.892233074
-0.223608688
0.438239723
-1.36683655
-1.61009753
0.650239825
-0.288219154
2.09908128
-0.202669859
-0.403311849
1.83416247
0.416506529
0.971658051
-0.183526471
0.615709245
2.88745165
-0.592193484
0.764100254
-0.441031963
-1.86864328
0.579650879
-1.26558602
0.862946153
-0.0316654257
-0.281069964
0.33517766
-0.264775187
-0.75059402
0.0599267818
-0.923704207
-0.125317216
-0.560422003
1.15139353
0.23661837
1.41029596
0.779160559
3.09182835
-2.26095915
-0.879468739
1.32323384
0.223560706
0.976488411
-0.123061411
0.205599323
0.441888034
0.520872653
-1.36818218
0.0380077958
-0.229163334
-0.230758741
-0.493488729
-1.58362436
-0.098082006
-0.258315682
-0.066495277
-0.0571731552
0.142740399
1.15928769
-0.751166046
1.12443841
-1.43301547
-0.26420927
0.311106533
-0.327747941
-1.62019384
-0.270942897
1.08281159
-1.27499461
-0.0268722288
0.733599722
-0.403855026
-0.318822861
-0.565833628
-0.609806418
0.063286081
-0.233954519
-0.684276521
1.55622327
-0.397438645
0.857177734
1.44281209
-0.238296121
0.832966566
-0.455310315
-0.73393476
-1.41725743
0.107196838
-0.812029958
-1.75412273
-0.972308218
-0.840340257
0.675828755
-0.637989461
-0.228465483
0.156153128
-0.671635091
0.122947261
0.840814233
0.298407912
0.331329703
-0.58675015
-0.0843872949
-0.257704526
-0.533480048
-0.873819351
-0.487276137
-0.162098691
0.45977363
0.927673399
1.0468812
-0.167444095
1.3012352
0.479125082
-1.1355871
-0.791435301
0.709634721
0.0541393012
-0.798126221
-1.28494787
0.56297785
1.28842604
-1.3611238
-1.50322604
-0.152896792
-1.92435956
-1.73046136
0.138211817
-1.91600335
0.150783658
-0.17989853
0.402727038
-0.549763978
1.77248394
1.0143435
0.502823055
0.0762575716
0.861821353
-1.54906976
-0.667116642
-1.03221774
0.180691838
1.25917482
-0.853553653
-0.904634178
1.80644119
0.881209254
-0.920714438
-0.0928997695
-0.121408135
0.676897287
0.97148937
0.547992706
0.166035205
1.81156874
0.157355934
-0.674035311
0.212979391
1.37561524
1.37149882
-2.1330924
1.39733374
0.419849485
0.496232599
-0.100010052
-1.15087616
-0.0782739148
-1.1671797
1.15700269
0.577036977
0.145774752
0.422130525
0.383557141
-0.611835182
0.835809231
0.13125138
0.0437188856
0.418106884
0.625782907
2.63219047
-0.486924678
-0.325584352
1.44089878
0.196857631
-1.07615662
2.47606397
-0.493439823
-0.263072371
-0.0992740989
-0.258699298
-0.31106928
-0.655871809
-0.332554817
0.980958343
0.00263245497
-1.9767487
0.979548454
1.10977316
-0.534886658
0.705691993
-0.14363718
-0.60082978
0.315853119
-0.604686856
-0.300652146
-0.375240237
0.377195984
-0.140920788
1.15994537
2.36459827
0.320718825
0.39793843
-0.680096745
-1.2016319
0.270076513
-0.0367116146
-0.972864389
0.792393327
-1.15916836
-0.0166793857
-0.665027201
0.809645712
-1.68445218
0.0494762994
0.0657481626
0.2796188
-1.07966816
0.30130896
1.01010025
-0.11901547
-0.104838423
0.91662699
-0.522837758
0.485269248
-1.22108722
2.04475379
-0.669822872
0.1283703
0.080479838
0.372679323
-0.046426814
-0.732652247
-0.395789921
0.0125937676
-0.170517758
-0.706783175
-0.862587929
-1.17727482
0.323992908
-0.994720578
-1.25792766
-1.71474659
0.317190439
-1.12784338
0.610222459
-1.32927692
-0.653793991
-0.254612744
0.156249285
0.545028925
-0.329721034
0.566320181
-0.921470404
-0.68626225
-0.017258361
0.389733255
-0.407947958
0.337287605
0.756124198
1.17809772
-0.376239479
-0.118785299
-0.421090305
-1.70871329
0.33961308
-1.05484092
0.216124207
1.87922382
0.230454236
-0.980639994
1.04743159
-2.85882545
-0.790342331
0.070828855
-1.39189076
-1.20570827
2.04221106
0.816856623
-0.286845148
1.37927258
1.68219113
1.01512969
-1.30578113
0.186640054
-1.06118369
1.99119425
-0.141331032
0.0739690736
1.02514207
0.0294587612
-0.17003037
-1.45650768
0.466876388
-0.653118193
0.412554294
0.496647716
2.41047335
-0.896757841
-0.425553918
0.0412228443
-0.543730676
0.990391135
-0.940866113
1.26375604
0.464976251
-1.41171217
1.06882608
2.82672238
-0.392193764
1.15644503
-1.4087801
0.951558888
-0.887204349
0.011505764
0.850607276
0.934492111
0.388478428
2.73778987
1.99872839
-0.555791557
0.208607107
-2.23645067
-1.14692855
0.967342198
0.673663139
0.0959047079
0.82306838
2.07183695
0.390790403
0.763190866
-0.411979675
-1.38723087
-0.548226118
-0.349906802
1.80660534
-1.0128212
0.781396449
0.0811058357
1.25815248
-1.00394619
-1.28556824
-0.940876663
0.179094627
0.266622424
-0.17257151
0.279572129
-0.346649498
-0.584552348
0.772855937
-0.187547401
0.663519144
0.815815389
0.787869334
0.719931841
0.210066274
-1.22583175
0.527671158
0.0517283231
0.805557609
-0.120917536
-0.562479734
0.812188745
1.05933595
0.547230124
1.26982677
2.39853787
-0.481161743
0.738774776
-0.817835093
0.141212955
-0.57398051
0.00590602914
0.440890819
0.799131513
0.235067979
0.0186491292
0.0469114855
-1.11618805
-0.0505540185
-0.825690031
-0.616085112
0.33711338
0.13188158
-1.29498744
0.956476152
0.829201818
-1.12412977
0.813647807
0.624404252
0.583987057
-0.293594956
0.361240238
-0.739382327
-1.81060886
0.88197732
-1.01943994
0.182165936
-0.973152637
0.252348036
1.60110128
0.657812715
-0.300074726
0.862887561
-0.586939454
-0.257790327
-0.695643008
-2.56994557
0.66119045
-0.192302451
0.734279215
-0.632974029
-0.037953306
-1.15274704
2.13413882
-0.981876493
1.48534417
0.431732535
0.428167313
0.744566143
-1.44767249
-0.0349815562
0.313285798
0.195331588
0.642617106
-0.310507327
-0.379715264
-0.491163433
-1.73294342
0.400966346
-0.823117375
0.31827426
-1.36889887
0.172573373
-0.263028055
-0.45802027
-2.12213516
-0.851481915
-0.135392874
-1.24383962
1.09960437
0.0186203253
0.957078516
-0.727098525
0.0576631725
-0.548384249
0.0781627148
-0.239858612
0.226555854
0.485817671
-0.241122842
-2.63068724
-0.558101654
-0.327182919
0.0398940518
0.788145602
0.407058656
0.580680013
-0.987637639
0.910544395
2.74983692
-0.354035735
-0.106102265
-0.0312082265
0.18555817
-0.293734372
-1.11514437
0.260041445
-1.17992973
0.407328248
0.375476092
-0.224751264
-0.39904952
-0.829181194
-0.0385111794
0.870076597
-0.895164967
0.631428719
0.358221889
-0.42713359
0.0343291685
-1.09657502
0.127811134
1.29910278
-0.37857303
1.36090803
0.905514121
0.193733886
-0.867932439
-0.525706708
0.693181872
-1.24149656
-0.772821546
-0.149044201
-1.64205956
0.035682451
0.282174498
0.294024497
1.98059213
-1.54775631
1.1535728
2.17073441
0.0601635166
-0.0901979655
1.2929846
-0.778790355
-0.43925792
1.02660596
-1.46614587
-0.995303452
-0.413224697
-0.598885953
1.79748631
1.66834378
2.65574813
0.0789489895
-0.165913805
-0.562847197
0.0983066484
-1.84025633
-1.03573549
0.348653108
0.187942147
0.598444283
0.572299242
-0.131640449
-0.0689107776
0.811927855
0.641729414
0.964400649
-0.693073571
-0.309490889
0.8904531
-0.667379081
0.606880963
0.982889235
-2.60545874
0.21088919
0.102866478
-0.872267127
-1.10132456
0.337383509
0.637326121
-0.471851528
-0.138274983
-1.2710861
-0.191035375
2.37890697
-0.300833642
0.6786443
-0.363381863
-0.732287288
-0.0753262043
0.984503329
-1.46913195
-0.0787996575
-0.0345353484
1.64512837
-0.929851055
0.0330315121
-1.8876493
1.00070775
1.07083869
-0.559874475
-1.15058744
-0.37434265
0.665877521
-1.15703773
-0.723136365
-1.00999904
0.671087146
-1.76850545
-0.907532334
1.36749244
1.68765616
-0.767067194
-0.251191646
0.236418471
0.349740803
-0.980344534
0.758221447
0.748832107
-0.367873698
0.894444644
-0.552892745
0.073294647
0.226366505
1.16537142
0.556083143
-0.674692869
0.681843162
-0.619405925
0.520472646
-0.145902753
-0.17120859
0.993412554
-0.570076466
0.461494714
-0.0909967795
1.65975869
0.177187547
-0.00192866521
0.450074047
0.793033957
1.71141028
-0.299772233
0.189520657
-0.247775793
-0.013022745
-1.34064806
1.43177986
0.37195307
1.13910997
0.29974851
-0.893979251
-1.46511388
-0.376857758
1.37401927
-1.78260481
-0.0220211446
-0.743097544
-0.416603625
-0.372716069
0.0329558738
-1.00749385
-2.0225203
1.13372934
-0.78666985
-0.338351309
-1.09059966
-1.30864346
-0.686037481
0.179655418
-0.807995677
-0.493892401
-1.02054787
-0.596361995
-1.55395138
-1.55006814
0.664753437
-0.785245121
1.35966742
-0.39072451
-1.35412967
-0.198188245
-1.13511086
0.0967988074
0.770280719
1.39370644
0.35424009
-1.11618507
1.71000695
0.583231866
0.540351868
-1.14093077
-0.534219086
1.03747737
1.50465345
1.03635275
0.843053937
0.452196866
-0.822488666
-0.168412492
0.336327314
0.15935348
-1.13432956
0.51027137
0.271971494
1.30188417
1.02739978
1.19387567
0.304363489
1.02725565
0.186801374
0.719411552
-0.310899854
-1.1238122
-0.312771082
2.72915626
-1.38524711
-0.555677056
0.314263701
0.953160763
0.865276933
0.547186255
-0.0054798373
0.883540571
1.39767992
-1.85688925
0.785873652
0.842757881
1.39000213
-1.8977766
0.25901106
-3.38327408
-0.321770221
1.51248515
-0.983028769
0.914418876
-0.786008418
0.283195049
0.602212906
0.17504999
1.41517878
0.336061001
-0.135192573
0.0211538747
0.0290904101
-0.646565139
2.47518253
-1.11794913
0.648617148
0.45731315
0.0978902355
1.207546
0.154007345
-1.64172971
0.250145704
-1.35897291
0.641761124
-0.190277368
0.00122056727
1.14086831
-0.475573123
-0.17595683
1.27780032
1.05251849
-0.336314052
-0.178769454
-0.997531176
-1.82183671
-0.723312974
1.00021243
0.225215971
-2.29253674
-0.010122004
-0.319575548
-0.0498512052
-0.972290993
-1.25403154
-0.896541059
-0.930259705
-0.974831939
-0.44820866
0.763943076
-0.66411835
-0.570136368
1.64132416
-0.493792653
0.40940392
0.0538824908
-1.48539138
-0.526148319
-1.80176079
-1.31158125
-1.22586107
0.923200727
-0.157754064
-1.35038948
-1.37530673
-1.75874555
0.0479502119
-1.03479803
2.56078744
0.0710633695
0.210639238
-0.554455459
1.303509
-0.889370263
-0.435471475
1.33678925
0.43100965
-0.563048959
-1.08510959
0.355021656
0.491216123
-0.0038364816
-0.59192872
-0.076994352
1.23969758
-0.888840497
0.623496652
0.769878745
2.24097204
-2.08168888
0.798465967
1.20794439
-0.486804426
-0.488221824
-0.746381938
-0.220282242
0.0858806446
-0.359161794
-2.49722481
0.556478798
0.190693036
0.690776289
0.833078742
0.428115964
-1.05609477
1.25712729
-0.623353899
-0.171741992
0.908552468
1.10277879
0.748994231
-1.3498714
-0.289876789
0.290040523
1.69728553
0.254598707
0.413637459
-0.525587201
-1.3133148
0.756277382
0.0223817099
-0.713855684
-0.869370043
0.618155122
-2.13794017
-0.585645676
0.0769722387
1.04639244
1.41202581
-1.38706386
0.157790393
-0.268113226
0.0199287273
-0.837134719
0.0831386
-0.688127816
-0.31023398
1.43192756
0.34932819
-0.0778495818
0.128805384
1.10044897
-0.935005069
-0.609723091
0.501008391
-0.465818048
-1.63000524
-0.141735077
-0.301861018
1.11225677
-0.508004904
0.456720948
0.300508678
-2.69147038
-0.993416786
-0.571500838
1.56176078
-1.09889174
-0.215468049
0.33639276
0.590109527
-0.832486689
-1.37151754
1.04601073
-0.298512667
0.570054412
2.19583797
0.00688583218
-0.767501533
1.45648074
-0.0430825017
0.0863251388
0.487348884
-0.306476891
0.730290771
-0.693171322
-0.284146756
0.412011623
0.258549094
0.439031869
0.214859068
-0.535168767
-1.24184048
0.500470757
-0.290348679
-1.23767686
-0.169603929
-0.165193558
-0.395556033
0.710281551
0.369940311
-0.189517215
1.28735721
0.956139326
-1.9726907
-0.121454202
0.496191174
-0.265948862
-0.494255096
0.356328279
-1.05126643
-0.0405373909
-0.55477196
0.339813292
-2.23922753
-1.71909344
0.204367235
-0.25783363
-0.699404836
-0.806298614
1.64085221
-0.138968825
-0.760584414
0.708942354
-1.4136523
-0.761198282
-1.72811091
-1.14441144
0.39827624
-0.212166786
0.198612854
1.0563643
-0.15044333
0.74202019
0.727209628
-0.261192232
0.0123896915
-0.643924415
-0.695411384
-1.3521111
0.56879735
-0.564294457
0.0746062398
-0.150238544
2.23803329
-0.150161937
-1.09140134
1.66972911
-0.908543885
0.244466528
-0.0195922088
-0.55974555
0.495328009
-0.237224832
-0.555893838
-0.298109472
0.481261104
0.199935362
0.845145464
0.240627319
1.36529744
-0.606070876
1.24468827
-1.02942193
-1.86531937
-0.74056834
0.919181049
-0.565206766
-0.720842421
0.0391850024
-0.936161518
-0.339903116
-0.433121502
1.02640581
-0.4520078
1.62634242
0.129468769
0.0460275672
-0.572779894
-0.424533665
0.22672832
-0.958838344
0.335863501
0.565957308
-0.517554462
2.23245573
0.920610011
-0.631219745
-1.85740221
1.42564428
0.304236919
0.902323067
-0.485170215
0.781594813
-2.07209921
-3.03568578
-1.72884738
0.601982057
1.94764543
1.00770164
-0.10071817
0.154089957
1.24993277
0.140859634
1.37576568
0.0401867218
-0.439116627
-0.411860913
-0.821794808
-1.68502212
0.0233393312
0.794012129
0.163853139
0.602327645
0.0509123765
0.981903732
1.087165
1.75865686
-0.766948521
-1.38245392
1.0564841
-0.90379864
-0.419621974
-1.75679064
1.32487917
-0.267061025
0.251675129
-1.53220689
0.0141512565
-0.329645365
0.744950354
-0.508619249
-0.594679177
-1.16564608
-0.680014908
-0.607778549
-0.386415869
0.864826202
0.164933115
-0.393931061
-0.578640282
-0.135162547
-0.650031924
0.163654253
-1.9376353
1.15956342
-0.807409406
-1.65811634
-0.585764825
-0.450946063
-0.699603796
-0.27150169
0.437730908
-2.20623279
0.155249685
-1.18422771
-0.280871689
-1.59126019
2.46671009
-0.117309332
-0.684130073
0.59881109
-0.257854849
-1.06670952
-0.759470105
0.546042264
1.09611917
0.0778240487
-0.539938688
-0.600007772
0.133440837
1.0472188
0.595627964
0.839816332
-1.2880851
-1.32875741
-0.385451317
-0.517106354
1.16843498
-0.543910146
0.120810457
0.387681723
0.572888076
0.243511334
0.252444088
-0.829834163
0.519681275
1.96086693
-1.37287736
1.25161099
-0.426563799
1.46242988
-0.0422702245
-1.20643139
0.811307013
-1.80799901
0.0365890749
-0.634492099
-0.141732931
-0.836161911
-0.530193269
-0.23935473
-0.089670442
0.00542820385
0.341278762
-0.0477022827
0.627162695
-0.984594047
-1.14542997
0.296201676
1.01018202
-1.42873192
0.613524616
0.0992111787
0.1401169
0.587470174
0.692717314
0.0320692845
0.69710803
-1.07368326
-0.0883667991
-0.986842155
1.04472363
-0.15998669
1.03747237
1.20836914
1.37061846
-0.0510416999
2.66973138
-0.501068413
0.629160523
-0.12529622
-0.59128195
0.793957829
-0.81929493
-2.13505697
0.655388892
2.25404096
0.336316049
-1.37487435
0.249160707
0.894755125
-0.90621841
1.33448601
-0.31644088
0.574523926
1.09541082
1.44644856
-0.385847181
-1.17662621
-0.102421068
-0.633186162
-1.21674085
2.57437277
0.399989188
0.222397059
0.841540098
-0.505949855
-0.28587082
-0.964889526
1.53880179
-1.67372835
-0.358109415
-0.424909532
-1.34309757
-0.422799855
2.63763046
-0.517530918
0.101128869
-0.0663122833
-0.347300082
-0.0126392953
0.731410682
-1.5692873
0.741613865
-1.61283827
0.274100274
-0.68529582
-0.0320790857
-0.2464239
0.0894117802
-0.776544869
0.592131913
-1.23015499
0.261880606
-0.112280436
-0.413954645
0.192958578
-2.0206151
-0.583980143
0.452015668
0.980945706
-0.370413214
-0.911368132
-1.05875766
1.05727828
-0.780860305
-1.39694965
0.0607722662
-0.928648293
-1.82163239
-0.372447819
-0.68108964
0.735807121
0.977948606
0.192088947
1.06090903
-0.712395728
-0.150780171
-0.274476111
-1.86255813
-0.113579117
0.73576206
1.65309429
0.896449149
0.0643196478
-1.26011598
-0.877708495
-0.721243382
-0.366065621
1.03236043
-0.957520068
-1.17476225
1.17928934
0.352617592
0.68550694
0.939061821
-2.66651678
1.79226351
0.1970689
-0.226582661
1.44041359
-1.32740653
-0.83988589
1.27391922
0.489552319
-2.60229325
-0.355006933
0.333395064
0.977190256
0.214231759
0.363730818
-1.35251451
-0.980303586
-0.354887426
-0.481711328
0.39214161
1.63015509
-1.00717151
0.152028084
0.0358386002
1.29595602
-1.75827634
-0.341690958
-0.629348814
0.502014041
2.25025821
-1.08321941
0.579051614
-0.910339832
-0.263402402
-0.441239595
0.415525109
1.23215747
-1.17507172
-0.756784976
-0.495997459
0.791000724
0.123014249
-0.447508693
-0.270991296
0.654383004
0.0151376231
-1.98544765
-0.560452878
-0.0588335022
0.130310833
0.415703326
0.890071213
-0.609455168
-0.137427822
0.493796974
-2.40427852
-0.0802544281
-0.893121004
0.294900507
-0.464184761
-0.121389829
0.565244913
-0.745682836
0.111938156
0.22375448
0.793236673
0.218612164
1.38216054
-0.197189659
-0.236584052
0.443575412
1.08987296
0.0838849768
0.89859575
1.29861176
-0.48044771
0.682093084
0.237716481
-1.23430765
2.13975048
2.410321
0.491472065
-0.553422451
-0.220291778
0.507846534
-1.71193957
0.783195138
1.19982898
2.33603334
0.72775209
-0.64736557
0.224192426
2.09196901
0.354889244
0.351153642
0.567246616
-0.429349631
0.678911567
0.314772725
-2.06052947
0.390929043
0.879715204
-0.589111686
0.574386835
-0.400818586
-0.683089077
-0.014137012
-0.417092204
-0.067433387
-1.56495047
-1.13516176
-0.229404554
-0.858985186
1.36373138
-1.65940011
-1.61948323
-0.951991677
-0.794891417
0.181004226
-0.892271996
-0.8092978
0.185832277
-0.923668742
-0.748176396
-0.201868325
1.42481697
0.397212446
-0.611508429
-0.120881006
-0.417743623
-1.78779864
-0.302597135
-0.703291357
0.578006566
-1.29848254
-1.17619276
-0.771493554
-1.56583941
1.94043505
-0.924256146
-2.3097837
1.2727685
0.548426688
-1.47852743
-3.47294617
-1.2523253
0.268589199
-0.644561768
1.69999278
-1.54852235
0.0679103583
-1.53441262
0.128026515
-0.316191882
-0.400902569
-0.227899089
0.451149017
0.399653494
-0.78858155
0.732722282
1.10561502
-0.964766383
-0.463210851
-1.17081857
0.0393480361
-0.554528296
0.301516414
-1.03680611
-1.0672884
-0.33651188
-0.711619794
0.461225331
1.89641559
1.7681191
-0.40769574
-0.0668675974
-0.864376485
0.994890988
1.53792
-0.526326001
0.55756259
-0.142917559
-0.963491559
-1.53937817
-0.728111565
-1.85378087
-0.286262155
-1.08436286
-0.357661843
2.4431262
0.337224871
0.228843808
0.761267185
0.127406165
-1.025249
0.216657668
0.245209515
-0.652635694
-0.94332397
-0.739437044
-1.64888906
1.73300564
-0.789067388
-0.328037649
-0.658849537
-0.0542980283
0.0126625253
-0.0773657858
0.644305289
-1.26298535
0.922028065
-0.179073706
1.64069545
0.0765727609
0.0208700076
0.0746044889
1.69966769
-0.104633212
-0.735331118
-0.155656055
-0.443959951
-0.521386743
0.588322103
1.05078328
-0.298417717
-2.18756318
0.616104245
0.396297812
1.59462893
-0.0481587052
0.588955164
0.846952021
1.29417443
-0.176925316
1.00297654
-0.390671492
1.83539212
-1.49908996
-0.700088441
0.0906253159
-0.0111458953
0.481482863
-1.33572507
0.574854553
0.721888959
2.0727272
0.592606962
-0.373024583
0.858994722
-1.47924423
-0.621988654
0.0406838991
-0.180592775
-2.87231684
0.89193511
1.78140128
-0.00206274446
0.142576009
-0.462445885
1.03669739
0.281564593
1.36500812
-0.512417912
0.4439376
-0.743281126
-0.0775506124
-0.00935187936
-0.290962607
0.867797017
-0.0854361802
-1.59751999
0.695523977
0.838739038
0.513032556
0.166242346
-0.576447248
0.835605443
1.38586283
0.0516645983
-0.609684527
-0.304539114
0.591742694
-0.0736279637
1.48187745
-1.1060257
1.02744019
-0.232398495
1.51452184
-0.551642001
0.0228443798
0.580999315
1.92687714
1.86059535
-0.716125727
-2.14076376
-0.650430977
-0.0132884141
0.734207988
-1.04245174
0.952840149
0.436869502
-0.298890859
1.42955267
-0.484743625
0.837270021
-2.23374057
-1.45797932
-0.79470259
-1.25070226
0.768403053
0.632893264
-0.212648615
-1.97079062
0.743684411
-0.394633502
1.02163374
1.50630403
-0.801501095
-1.3001399
-0.64835614
0.977676213
-0.866056621
0.447648138
-1.74525249
-0.427126169
-1.87010443
-0.116365544
1.09713674
0.0389302261
0.56953758
0.577455699
-0.195513517
-0.99347198
-0.272397041
-0.916763067
-0.480002999
-1.4576056
-0.0995622128
-0.707334638
0.492236853
-0.194867507
-0.97617799
0.998221338
-0.256216019
1.34091532
0.285836458
0.332512259
-1.00952852
0.0922518745
-0.376207322
2.03399563
1.25970638
-0.95884341
-1.10222006
1.00525558
-0.903764904
0.142638475
0.433781445
0.537417889
1.00153351
0.643537819
0.485370755
-0.820266426
-1.20229995
1.01277852
0.135700911
0.722829342
0.644108355
0.990378499
1.00364423
-0.172765762
0.564664721
0.245026156
1.14595997
1.58080101
-0.664977968
0.250362396
-0.115491316
-0.416898727
-0.171512857
-0.752584636
-0.953571677
-0.132879585
0.542786479
1.2880162
0.102404483
-1.11359072
-0.56947726
2.08473802
-0.28054294
0.376202255
0.911921322
-1.04430664
0.131978199
0.0410335399
-1.47507703
-0.311164796
0.222067848
-0.388390005
2.7549715
1.60161173
-0.997954726
0.365185499
-0.143358931
-0.633700728
1.62966013
0.162216485
0.0296321474
0.00149473909
0.354351461
-0.205652118
0.870644569
-0.834416151
-0.227777988
0.211665958
-1.00649202
-0.423301399
0.391649365
-1.63527918
0.732317805
-1.20098996
0.813555837
0.881115198
0.40582639
0.62355262
1.76803911
-0.816307247
-1.71452165
0.859199286
0.942614913
0.86129123
-0.0947581753
1.69807577
0.882762074
0.849155843
-0.371821821
-0.600891769
-0.602117479
0.894951105
0.813803554
0.101858526
-2.39303041
-0.700223684
-0.651962876
0.938246489
1.30105257
-0.342338443
-0.356125832
-1.12605619
0.356039166
-0.416268229
-0.583482802
-1.13118935
-0.498315245
-0.166015416
-1.50960255
1.21146774
-1.14193094
1.19557977
0.053009212
-1.60576379
-1.35361981
-1.21923304
1.38596153
-1.22405994
0.509536803
0.170184582
0.425562739
0.272875488
-0.693466187
0.630051315
0.757499754
-0.375977457
-1.39954448
1.55051053
2.88651633
0.587642908
0.818925023
-0.377428532
0.414210081
-0.116218984
1.17033851
-0.0486284308
-1.03341091
1.2484628
1.35036802
0.768627644
-0.138694391
0.860241115
-0.280461639
-0.795607924
-0.69740504
0.318486929
0.0393943898
-0.727452517
0.438122213
1.95719385
-1.38528061
-0.310440361
0.785506546
-1.65565646
-1.63554645
-0.184995979
0.905501485
2.11639977
1.08200562
-0.703199983
1.08021724
0.395055801
-0.540430367
3.73997641
0.0897334516
-0.46982497
1.53793383
-1.53276145
0.129700616
0.122298293
0.809833765
-0.0348400697
0.416434914
-0.12932235
-1.00108171
3.10425329
-0.781127691
0.131372347
-1.10896218
2.33950782
-0.703824222
-0.653674483
1.11813939
-0.878856599
0.491097867
-0.584732413
0.484563082
1.15345216
1.39373946
-1.84019291
-0.0880942717
0.564861894
0.199525744
0.159757808
0.0877958313
-1.02623892
0.102251522
0.797652423
0.666737437
-1.24086511
-0.306426287
-0.507186711
-0.466611475
-1.16839683
-2.01196933
1.20467639
1.33692527
-1.39809501
-0.985057592
0.323768675
0.516660094
0.30619657
1.84435713
0.477038413
-0.000259633642
0.387286872
0.868485093
-0.140921593
0.157640815
0.348324805
1.0707829
-1.81113136
0.735211015
-1.25036597
1.19922507
0.302071095
0.54429251
0.0633087531
-1.24098802
-0.841096401
0.439629018
1.23824668
0.879335523
0.706481755
0.78292191
-0.838250339
-1.00502646
0.0665784553
1.42201984
0.0357697196
-0.264865696
0.499554753
0.0265587699
-0.176974252
0.021978708
-0.119999088
-0.0907306224
1.50438082
-0.842723012
0.00707085524
-0.0681032166
-0.124349356
-0.616759658
0.116856351
-1.45780587
0.245955318
-1.34018624
-0.960635722
-1.3818872
-0.240830049
0.21815002
0.614704907
1.4461509
0.756348014
-0.650436103
1.90084088
0.753257632
0.0150805358
0.918615639
0.879953027
-0.882849157
-0.415189415
-1.04654849
1.60377967
-0.69957155
0.0946976021
0.520869732
0.0160017908
1.46270645
-0.0519993007
0.481019258
-1.68154478
1.95993483
0.632702231
0.667698324
0.583366215
-0.166934356
1.19784033
-0.855282307
-1.34988892
-0.202028647
0.497648001
1.9303478
0.848232567
-0.36006242
-0.675869465
0.410674691
-0.873136699
-0.453589708
0.435837299
-0.568969905
0.132290095
-0.648588479
0.828347921
0.825222075
2.61489058
-0.137850642
0.478638917
-1.61728227
2.31572032
-0.0100755775
-0.982921362
-0.0275430307
0.168399677
-0.132959858
1.1395961
-0.904631972
0.715719521
-0.400979072
0.822755516
1.66006982
0.529938877
-0.359728158
-0.890664041
0.242847294
-0.82332772
-0.0698750392
0.427281857
-0.671783805
1.03711522
0.995179832
0.397875965
0.164968997
0.0204401743
1.20372772
0.240102917
1.16529942
-1.84774375
-0.00713312812
0.66717428
-0.524328887
-0.390952408
-2.0049808
-0.560170174
0.279356748
-1.51749969
-1.3970077
2.10349894
-1.044945
0.796658993
0.803559422
0.467631906
0.0663928837
-0.0293268524
0.616660893
-0.127713993
-1.74124753
0.755190849
-0.010399445
0.483296663
0.997106671
-0.441290081
1.25232589
0.950228631
-1.11695659
1.08683562
0.436931342
-0.145719633
0.313494265
-0.201172262
1.96396899
0.779831588
-1.73956311
0.349628627
1.4956454
0.469748318
0.662713051
0.877896547
0.202632397
-1.13383389
1.19729531
0.0213964488
-0.731447637
-0.938599646
-1.55516803
-0.790168762
-0.232638404
-2.60441804
-1.79238927
0.952188492
-0.534025252
0.782035589
-0.186689049
2.90910172
-2.44936299
-0.237694547
-1.64050627
1.95690489
1.30696702
-0.783497453
1.09483457
-1.22681153
-0.123822525
0.490714639
-0.995396316
1.08599174
1.66841269
0.394594729
-0.626319647
0.853081822
-0.340399146
0.65774399
-0.587551117
0.0856858119
0.798011243
0.838520646
-1.41220486
-0.502550066
-1.03295326
0.515644014
-1.98839653
2.25788474
-0.802565932
-1.48618782
0.221043408
1.13801968
-0.723111331
-0.955399334
1.04921818
2.01809287
-1.35936368
1.53281426
-0.774826467
-1.83520615
-0.0841386393
0.624911666
-0.668839574
-1.33075988
0.0522339344
-0.52279669
-0.00116370199
0.124926478
-1.14562535
0.302588522
-0.0312515199
-2.3025527
-1.86702156
-0.178191856
0.35325101
-0.131677404
-1.63934469
-2.44687486
0.878477156
-0.281640381
0.482865959
-0.318006933
0.67554307
-0.151827529
0.50411737
0.530987322
-0.294775218
0.173079401
-1.35845971
0.471823573
-0.247656077
0.867622435
0.316190511
1.47596133
0.825117111
-0.429332793
-2.2333107
1.31697631
-2.01269221
1.16679943
-2.39184737
0.256215751
-0.314687848
-1.53194368
-0.468414962
0.268622071
-1.15152359
-1.83880818
-2.23519444
-0.729027748
1.47750282
0.899272501
-0.56049633
0.833753228
-2.20500135
0.18793413
-1.22021389
-1.36148119
0.156746924
0.341927946
0.620677114
-1.30416524
-1.62009215
-0.0751322806
0.317479014
0.183442935
-1.34770823
-0.188824162
0.918346405
-0.461727709
-0.316223741
0.201046377
0.872003734
-1.07316196
0.605213702
-2.18162084
-0.766265512
-0.147273421
1.28418446
0.64119184
-1.05154347
1.01074779
-0.990439236
-2.44361877
0.504435658
-1.13106847
-1.18065524
0.448927194
-1.38362503
0.667999685
-1.60927522
-1.29029322
0.0724201947
-2.46403384
-0.677138448
-3.1141293
-2.96979666
-0.872034311
-0.681683064
0.36872226
-0.593647718
-0.2012095
-0.665121973
1.77864075
0.163328946
1.21356165
2.00654769
-1.46512985
-2.62203026
1.08129048
0.341320843
0.467088103
-0.185077474
0.000272029021
-0.278774261
-1.56663215
-1.82810152
-0.0365892723
0.0765947402
1.58452749
-0.21799995
1.14004135
0.258747518
1.60125947
-1.18799663
0.430417955
-0.746539652
0.290255815
-1.0675528
-1.41173339
0.648903549
0.385939002
0.36204052
-0.00255655986
-1.42906725
0.471736729
-0.275826782
-1.74253178
-0.293086171
2.03780627
1.6507808
0.909096599
-0.0967199653
-1.29441702
0.103061549
-0.713831365
-0.31935069
0.759124458
1.13718116
0.333071798
0.128999963
0.403289676
0.41167888
-0.633369863
-0.739226699
0.961818278
-0.903357148
-0.427726537
0.705575347
1.2916075
-1.12502384
-0.79716301
0.31757158
-1.36616933
-0.709790349
0.329845607
0.602558017
-0.20060052
-0.616670012
0.701662242
-0.508363008
-1.73050582
-1.49580908
-0.250356644
-0.978828549
-2.17499089
0.402297497
-0.646103561
-1.32420444
0.717923582
1.74751782
0.942708135
-0.527148306
1.66301656
-0.400415182
0.135056436
-0.063904576
-0.801071703
-0.153131157
-0.128566861
-0.11702507
0.635580063
0.0569946766
0.0139281619
0.0679977164
-0.877946258
-1.05276382
0.515152276
-0.0933074653
-0.294080138
-0.994999826
1.00535929
1.76330566
-1.34802687
0.34625861
1.08113933
0.128918767
0.286959291
0.0505416505
-0.341885239
-0.952165067
-2.93992758
0.295087278
-1.33249891
0.125558838
-1.27009654
-0.93344593
-0.59349525
0.946814001
0.160988107
2.20226836
1.13992536
1.02911079
1.04952574
-0.0375956558
-1.28730631
0.322965831
-0.509411097
-1.30849302
0.0662784353
-0.149816468
-0.140814945
0.0583387539
0.774143338
0.293774188
-0.100201122
-0.846840799
0.431034029
0.420015246
0.49098894
-0.894251823
-0.255370229
-0.175819457
-0.036529161
-1.20316517
2.66840053
1.40086508
-1.03426218
-0.264439255
1.14637387
-0.000605196925
-0.56435436
-0.471871316
-1.00620818
1.01794875
-0.0477882698
-1.77136862
0.239127785
1.71722174
-1.70835948
1.21291995
0.0345176272
0.0584497079
-0.600851715
-1.71109366
-0.909208536
0.671136856
0.789335907
-0.552242398
-0.431982368
-1.94956267
0.782366335
0.175487235
0.129938677
-0.666048288
0.29982391
-0.0846260265
-0.364006817
-1.06846428
-1.96203053
-0.957411826
-0.575023472
-0.0855087191
-1.45818377
0.842953444
1.12327254
-1.01746917
0.648613572
-0.165267989
0.786176682
1.41263092
-1.00067818
-1.02282345
0.722673655
0.238928139
0.223220021
2.41043377
-0.695037961
0.278909266
-0.568948746
-0.559426427
0.097958453
0.915458381
-1.25225842
1.19131148
1.02586114
-0.151560202
-0.285665423
-1.28535688
-0.965452611
0.991382122
1.03274429
1.59493721
-0.865091801
-2.09925699
1.1753397
0.832780778
-1.07419896
0.0998682156
0.94641304
0.315636098
1.13097632
-1.05432689
-0.904622197
0.0826123953
-0.0591062158
-0.349839747
0.74019134
-1.607198
-0.612321138
-0.314083517
1.62093973
1.58785474
0.332732826
0.644729197
-0.578899026
-2.45473337
0.810590088
0.635075212
-0.125205204
1.64533401
-1.34668565
0.795148253
0.597915173
-2.28116941
0.109583087
1.43384314
-0.241558149
-0.305059433
1.83825564
-0.132038921
0.185960174
0.0339538641
-1.19173217
-0.458919704
-0.921071053
0.559919953
-0.86891228
-1.16220844
0.0197094716
0.198515028
2.01036215
2.2251842
0.0766181648
-0.637491405
-0.711219311
0.117146105
-2.36076617
-1.78415155
0.721740067
1.63886654
1.12307286
-1.93767142
0.174677998
0.289183021
0.995227814
1.21431148
1.27343452
0.212279931
1.03017294
1.0283916
-0.0897825733
1.80217195
-0.975764513
0.653606474
-0.819100201
0.720863342
0.26883468
1.04085791
1.07251322
-0.56008637
1.05556452
-0.0378713198
-0.197856992
1.034042
-0.0468114838
-0.462202787
0.831079185
-0.334211916
-1.342767
0.21187453
1.04698682
-0.778428674
0.694421709
0.91156286
-2.07014823
0.599689126
0.940223753
-0.618347704
1.60271072
0.0117807183
0.602879226
0.224978283
1.80565715
-0.915656149
-1.70758355
0.165280804
0.0115338843
1.39854884
0.580223203
-0.925568819
-0.284964263
0.884399354
-1.51721489
0.118813381
-0.938283324
0.202775717
-1.4135114
-1.51161313
0.35352248
0.718153119
0.835857749
1.19702327
-1.79352319
0.64924854
-0.985972345
1.90586817
-0.60718596
-1.28643727
2.10760403
-1.61688507
0.187581807
0.21731703
1.04484844
-0.728068233
1.18561804
0.730100453
0.0712827072
-0.710774541
1.07361686
-0.0266140662
-1.13589108
-1.12481475
-1.20212471
0.730604887
0.841554224
-0.112666078
0.783670545
-1.80322254
-0.589684784
-0.0372226611
0.245693877
1.3859247
-2.50190425
1.07147396
0.818619013
0.721264184
-0.747299373
-0.204465032
-1.05625999
1.78576863
0.0429967865
-1.25625181
-1.44539881
-0.27460131
-1.37076247
-0.55788219
-1.18426955
-1.30850852
1.56607938
1.27999091
0.599879146
-0.482977808
0.45169872
1.57067907
0.304369539
-1.51471233
-0.649253011
-0.668752551
0.654091656
-0.602987051
-0.860467017
0.465319812
-0.651504874
0.36396265
0.221094966
0.813980639
0.703112483
0.12937355
-0.191720858
-0.291034162
0.994975448
-0.534005165
0.499220163
0.130155757
0.503359079
0.823104918
1.42429233
-1.51052403
1.17493749
-0.258638173
0.13017416
0.260073602
1.27581227
0.443364114
-0.590546012
0.957621694
0.390383899
-0.470998585
1.70384073
-0.577747643
-0.417168528
0.237208977
-1.41373372
-1.5589155
-0.114520788
-2.02987576
-1.23473179
-0.556984901
-0.774118006
0.671560287
1.00308716
-0.0259584412
0.410569519
0.284595132
0.547460794
1.09386539
1.11735272
0.00859511737
-0.149211168
-1.16404974
-0.486980647
0.114662468
0.117229655
-1.29856324
0.923992574
0.198692381
1.04064667
-1.18652701
1.0341624
-0.37608251
-0.085802801
1.55646026
0.457132488
1.29835832
-1.3020786
-0.332443535
-0.501635551
0.883782923
0.211963624
1.22463572
0.796090841
-0.0115757324
1.39490461
0.0996366516
0.576667309
-0.0727137551
-0.0908282772
0.793895364
0.206382245
0.669948995
1.18063545
1.23309505
-0.943329573
-0.604214609
1.23910964
1.4605999
-1.19780433
0.827764153
-0.172737971
1.41845548
0.417170942
0.0330464356
-2.19828081
-0.0298085455
0.200922757
1.03744447
-1.35300243
0.388294637
-0.148229539
-0.00122540246
1.29249287
-1.00120521
0.74150008
-0.833823204
0.170925662
-0.560405493
-1.76703238
1.81475163
0.95547694
-0.823181212
1.8527081
0.111537449
0.379457533
-0.438334346
0.995066583
-0.967031121
1.61935401
0.383688956
-0.618218601
0.448566139
0.211387441
0.345886886
-1.52687407
-0.856818318
0.0683059767
0.494914234
0.646025062
0.40403682
-2.21764255
-0.809048951
0.00879978575
-1.18693113
1.27984595
-0.673497438
0.0463850349
-0.291924596
-0.200024173
-0.208063081
-1.81069899
0.488594025
-0.600040376
-1.31962776
1.01513374
-0.798413098
-0.619274139
1.19342864
1.11179888
-1.08145213
1.13271618
1.61491585
0.989424467
1.61574507
-1.60503602
-0.197861865
-1.75797164
0.138354659
-0.986955285
-1.34510422
0.0987239182
0.936400831
0.599761307
-0.314699978
0.960349798
-0.107051872
-1.68389571
-0.296322137
0.0601299107
0.450233102
0.629328847
-0.15248239
1.17233586
0.16179131
-0.348004937
-0.627702951
-1.6102376
1.90635753
-0.639493048
1.79077756
0.545256853
-0.576040924
-0.291778922
-0.638167262
0.384625167
-0.702022314
-0.0852855369
1.58882523
-0.941791654
0.579583287
-0.18155323
-1.27908027
1.173774
0.893511713
0.587585807
-0.599938452
-0.925756037
-0.398948878
-0.814072251
-0.783349037
0.812187374
-0.600853503
0.0238905419
2.68919635
-1.58302462
-0.320238084
1.78143239
-0.691311657
0.932345033
1.14122021
-1.07926083
0.133570597
0.125377715
-0.488089323
1.00750494
-0.23195143
-1.03956652
0.355011433
-0.785711467
-0.968433619
0.0500486456
0.721483886
-1.34222972
-0.601594925
-0.828073084
-0.868115604
-2.10259724
0.412641555
0.535961032
-0.20828712
-1.63510251
2.04973125
-0.493797928
-0.802393794
-0.979990721
0.377027363
-0.481781781
0.0113388468
0.155189589
0.46028176
-0.703635216
-0.00875991862
-0.896883726
-1.03315115
-2.01857448
0.27490586
0.0490653776
-0.242233247
-2.09606624
-2.11901832
0.97826457
-3.33036685
-1.31677198
-1.14653134
-1.11150372
-0.714083195
1.28826344
-0.683919013
-0.649003386
1.94837976
-1.9651773
0.540481508
1.30241847
1.45751572
-0.267697573
1.42319131
-1.57355583
0.721287787
1.35870981
-0.73128742
-0.220243812
1.0003438
1.80554557
0.839549005
-0.4495821
-0.660087228
2.09027791
-1.33905089
-0.94268775
-0.170108974
-1.05315208
-0.698634207
0.236331999
-0.14737165
-1.78001702
0.447305083
0.676764309
0.203046083
0.447359294
0.822298229
0.734571815
-0.628263116
0.0827286392
0.302040815
0.194854036
0.777247846
-0.575520039
-1.38630319
-2.61871696
0.21464099
1.04722977
-0.131955579
0.731108904
0.640977561
-0.639414072
0.0507663675
0.10768161
-0.503554702
0.510362387
0.46476528
1.74531806
-0.494368076
1.03811061
0.541318417
-0.69830513
0.47666961
0.670040488
0.482128322
0.841900289
0.279691517
0.23805058
1.53020191
-0.164865211
-0.104683056
-0.0294076502
-0.243048653
-0.896622658
1.23182333
0.129277751
-0.126984537
1.12183619
-0.656523824
-1.49272978
-2.22293258
0.903891206
-1.34835052
-0.908563495
0.614167988
-1.23348725
-1.39952374
-0.160456777
-1.1345675
-2.2307086
-1.18769026
0.981530786
1.98019779
0.233568475
1.58664143
-0.210912049
0.359613657
-0.579215705
-0.204313219
1.13561547
-0.286401063
1.20119774
-1.89632452
0.641805768
-0.846056521
-0.669119477
-0.614545345
-0.0339458771
-0.97081244
0.378305465
-0.958666086
-0.00291891024
-1.29776978
0.246508926
0.534422338
-1.41323185
1.66466844
1.04334676
1.18629956
-0.712534308
0.272249132
-1.69826329
-1.87039542
-0.411578
1.78133535
1.39462018
-0.750866354
-0.629185259
2.76050448
-1.78564262
0.534894705
0.505559385
1.63808954
-0.697700083
-1.10176873
-0.275555909
0.463134319
0.14300862
0.374268234
-0.508237898
-0.261684269
0.978999257
-0.377240926
-0.522352755
-1.17009866
-1.70607412
-0.54991287
1.02453697
2.36707306
0.373177499
-0.0830714181
0.42159903
2.70727801
-0.792359531
-0.631317735
1.55400085
0.796221793
0.390567988
3.66042161
1.82528496
0.0281609278
-0.120980091
-0.062621735
-0.10755749
0.360865712
-1.0277108
0.208146781
0.0973316506
0.397371024
-0.188594341
1.05524671
-0.510288358
-0.409701735
-0.248715729
1.07761657
0.169869706
-0.633022964
-0.09208446
-0.391596168
-2.1027503
-0.853665709
-0.442344695
-0.244908646
0.408012271
0.100192942
1.61837494
-0.92906642
1.38063931
-1.27227688
0.224462077
-0.904082179
1.7101264
-0.64954108
1.30322981
-1.19366574
2.11136866
-0.546203256
-1.49495518
1.57633317
-0.755295277
-0.27852878
0.662715793
-0.276361942
0.194825545
0.632402301
0.96806711
1.19071841
-0.56332922
2.39368701
-1.27520776
-0.470419854
-1.17920363
1.99930787
0.919288576
-2.01667786
-1.10416591
-1.81232119
0.399382621
-0.340699404
-0.858298063
-0.49051851
-0.415503353
-1.42417312
1.98959053
-0.855774224
0.118644789
0.716336489
-0.766304493
0.555940866
-1.78158176
1.58741939
-1.20782816
-0.715985894
-2.00925374
-0.843747556
-0.538223922
-0.852399528
-0.623524487
0.782806098
-1.10180819
-2.21288681
-2.59486771
1.21608925
-0.250271678
0.446509778
-0.377091706
1.40299463
-0.0641534179
0.563746691
-1.62967956
0.3364847
1.98672724
0.665981233
-2.04686499
0.551981568
-2.69191623
-1.98530591
0.433001816
-0.553898454
-1.01722729
0.543362737
-1.29676747
-0.842897832
0.907978475
-1.3241322
1.90422714
-0.464574128
-0.782100916
-0.156993568
-1.79969943
0.682320893
-0.656059265
-1.2796737
0.888150632
0.05051006
1.53318191
-0.241301224
0.339058459
0.201071382
0.64337641
-0.955001235
1.38641453
-0.612473845
0.546106279
-0.280885249
0.578691602
0.804061949
0.020828221
0.901898026
1.02483952
-0.328410834
-0.371637762
-1.58270848
0.333273917
-0.271333486
0.00722914655
0.853871882
0.835127711
0.758213341
-1.53036892
-0.447347939
0.280740857
-0.127317071
1.18813848
0.0876751617
1.52825642
-1.44852269
0.803829074
-0.87133193
0.222446769
-0.0692201406
-0.381580979
-1.30455089
1.329409
-0.33000645
-0.545979381
0.84116745
-0.128026098
-0.349167794
-0.073142603
-0.292817324
0.0841071084
-0.562237978
-0.00291865366
1.55817294
0.301944971
1.07026434
0.451601475
0.531295061
0.726660669
-0.618714094
0.30459699
-0.273804396
-0.539469123
-0.42674458
1.19450474
0.811632037
1.12496114
0.307421088
1.36938775
0.330515593
2.60403299
0.514757216
1.03295588
2.10979152
-1.15799761
0.734764874
1.75717378
-0.613626957
-0.253665328
-1.40189481
0.713188708
-2.08240151
1.30598021
0.485298783
-0.942952633
-0.522304595
-0.357326716
0.439541876
0.534965873
1.39918816
-0.692105353
-0.504788578
1.17399716
-0.0265845023
0.632866561
-0.551193953
-0.230412573
0.453396052
0.955349982
0.339605123
-1.30204642
-0.252805084
-0.141936794
-0.814440727
-0.10294091
0.368858337
-0.328714579
-0.322111338
-0.237195134
-0.219994381
0.419846743
0.702876687
1.59136784
0.947510004
-0.757830024
0.0565683804
-0.179668352
1.56409562
-0.478760988
0.452504277
0.33697921
-0.196209535
0.401867837
0.985417008
-1.57305098
-0.954348445
-0.996573687
-0.5671134
1.05761838
2.0923748
-0.438698143
-2.61731744
-0.293914378
-1.20451963
0.399549574
1.21713591
0.927555919
-0.382336468
-0.206883848
0.357179195
1.58549988
-1.07886732
-0.209811345
-0.418617398
-2.20134497
0.768067896
-0.00087933935
-0.843705177
-0.594781518
-2.69294357
-0.206804872
0.0317712724
-0.174645692
-0.89436394
-0.230632752
-0.0214720666
0.565303802
-0.145012885
1.07935274
0.745044887
-1.77303648
-1.27269626
-0.0839370489
-0.178169444
-1.8193934
-0.0143920947
1.30855393
-1.84518445
-0.647164762
1.20861769
0.33406648
0.961888731
-0.618145764
1.06969345
-1.86725223
-1.15575063
2.0246017
-1.33045578
0.498875886
-0.121740691
-0.108970582
-0.600010276
-1.3004477
0.687131941
-1.04020083
-0.114121549
1.15019953
-0.452704847
1.21598732
0.806813121
2.1000309
1.13115907
1.35294795
-0.515341878
-0.329708368
-0.958727658
0.0119791189
0.480491668
0.368092626
0.0698310733
0.788652599
1.08454049
1.92783844
0.554331183
0.0538684912
-0.640482128
1.95257759
0.900976598
-0.901671648
-0.425588459
1.87722576
0.284342706
1.5733012
-0.473620772
-0.744478226
-1.63595247
-1.35015416
-1.02775013
-0.649781168
-3.15096521
0.00355287036
0.58020246
1.77825344
-0.730372608
0.809868932
0.0564638525
0.254462779
-1.36644411
0.358806133
-0.0206927527
-0.00711476943
1.97030199
-1.15769827
0.456229687
0.272872865
-1.20025921
-0.97977227
-1.10209036
-0.92320466
0.986843526
-0.404812038
-0.866982698
-0.470006645
-0.567796528
0.276678711
1.93246484
-0.823179364
-0.125759274
0.230491117
-0.271518677
-0.156926781
-0.809737206
-0.31085062
-0.089823097
-0.212678835
-2.25439739
0.445201665
1.22634375
0.15232195
-1.14897537
-0.759266436
0.976060152
-0.700070083
-1.23014235
-1.86357498
-0.651212513
-0.0718322769
-0.75823468
0.972441912
0.65604341
1.96313858
0.955872297
0.231622279
0.313284695
0.620340407
1.43602562
0.603404284
-0.482194334
-0.778017402
0.511517346
-0.556404531
1.4164381
0.237926796
-0.933429897
1.13313675
-0.0898379385
-1.84131944
0.899904549
0.902308285
-0.267281324
0.805533051
-0.0248303898
0.689978063
-1.36202705
-1.33293581
2.60828257
0.831279278
-0.988877892
-0.785232902
-0.433146983
0.260693908
-0.353035718
-2.09282613
0.635612369
-1.50694466
-0.21487464
0.358990818
-0.717655718
-0.255828232
-0.525130689
-0.741640627
-0.426948279
-0.400817543
1.12086427
-0.527073681
-0.466699958
-0.718474269
-0.73191005
1.09686828
0.643000543
0.85330224
0.791439354
2.9133637
-0.281537801
1.86088693
-0.256910115
-0.288100809
0.24413912
1.67774332
-0.336856693
-1.96575367
0.4018071
0.101697609
0.19956249
2.02217579
0.823948503
-0.569720685
-0.349668592
1.94436955
-1.33447754
0.537014604
-0.30809626
-0.00972416811
-2.39127493
0.339585006
-1.05355072
-0.632327497
0.0198087431
-0.751763642
0.0784708709
-1.84832859
-0.085049957
1.48886192
0.746094584
1.45461178
-0.689531863
0.237162068
0.125434607
-0.648537815
0.784756958
1.75795603
-0.306775302
-0.893424332
0.793036103
0.589290798
1.50310194
0.827178538
0.465335965
0.955421567
0.560228467
1.20027745
-0.966034412
-0.598776281
0.100300215
-0.396724075
-0.160476431
1.14670229
0.0543566011
0.437070578
-0.0384460427
-0.881563842
0.260005057
-1.35322285
0.838276505
0.46650362
-0.00643622782
-0.203286007
-0.95598489
-0.721928895
1.40125835
-0.316248745
1.05559349
-0.121131882
0.107352622
1.37950873
1.03076601
-0.238197714
-0.0972744823
0.923411667
-0.172109589
0.0640270412
0.321905077
-1.81446779
2.44963527
0.734794378
0.318166405
-1.18480289
-0.46640411
-0.273498684
-0.702474058
0.332972109
-1.05806446
1.55541873
-0.744785428
-0.0878763944
-0.0283598527
-1.27273524
-0.741805553
-0.588494837
1.07733417
-0.0140512651
-2.08534694
0.237191468
0.533749521
-1.37882805
0.460715979
0.408324629
0.726051688
-0.0511258394
-0.153874904
1.83153498
0.660832942
0.653135478
1.06083906
0.655130446
-0.0278108846
1.48508263
1.65032601
-2.03014231
-0.495458812
0.178253189
1.04119778
1.44807947
-0.17152445
-0.412704796
-0.396310896
-0.240310669
0.710773885
0.766132712
0.305069506
-0.0641855523
-1.2995466
0.56187284
-0.217179239
0.491993129
1.30050278
0.186688155
1.79228342
0.231619567
-0.455685407
-0.93829608
0.441905051
0.390890837
1.17705786
0.102022305
0.533205271
0.156184837
0.23352924
2.02552605
-0.462724149
-0.809020698
-0.100431614
0.0459500737
0.0448373295
-1.88595903
1.36445284
0.0338651501
-0.82726258
-0.747942924
-1.55779219
-0.352146536
-0.777796686
0.3404558
0.613100886
-0.617982924
1.86347461
-0.0409309641
2.22094965
0.297979176
0.724779427
0.767749012
0.608512282
1.57843781
-1.36352479
-1.12689042
1.47551
0.0532540865
0.636575401
1.41020215
0.927720368
1.09273386
-0.749617755
0.323468506
0.483578861
-0.896386087
1.03384387
-2.12047577
-1.1715343
-0.483527958
-1.3958571
-0.368614346
0.977146566
1.67915952
-1.50031793
-0.822910905
0.312318772
-1.00557506
-1.10097897
0.0390261486
-0.747730553
-0.83156836
0.143334553
-2.40292907
0.862237036
0.248047903
0.129755378
0.748045743
-1.30505872
0.952739179
0.682672441
0.465276122
-0.423007339
-1.34508991
2.40741158
-0.229671746
-0.969888449
-0.472173631
2.63190126
-0.900817215
2.07077122
-0.541971505
1.2779454
-1.00377727
-1.03845119
-0.668376982
0.705874383
-0.252554238
-0.548399687
-0.90339303
0.311062932
-0.666986287
0.579338849
-0.888879001
-0.283802003
0.311204761
-0.056716796
-1.28923023
1.41618085
0.806147337
1.03268206
0.357671559
0.0530480109
1.28658128
-0.551930964
-0.176510483
1.10575151
-1.7733953
-0.11821112
-2.37535644
1.03253794
-0.018930519
2.27325439
0.576832652
1.07804418
-0.0216237456
0.0931732878
0.187675536
-0.156961873
-0.409296811
0.323212922
-0.446814716
0.742046058
0.31153515
-1.81561124
1.34136939
-0.0112190265
-0.481434554
0.615714967
0.664131522
-0.908016622
1.2568121
0.460258573
-1.16599703
1.41222882
1.17128336
-1.07430851
0.278535306
1.72301531
0.342182875
1.45002091
-0.523767412
-0.984628737
-0.946623266
1.62418652
1.14055538
2.61802506
1.0919143
0.837012589
1.04260755
0.079568997
-1.14054489
1.27242553
-0.746810913
-0.716300309
0.434442878
2.71589708
-0.806940198
-0.881858706
-0.0109464172
-0.745535254
-0.831841886
0.750432611
1.59720337
-0.65294832
0.0508580394
-1.08977079
0.876907527
0.147932559
0.530780792
-0.691545904
-1.98743355
0.0997287706
1.29878163
0.127776116
0.0510468408
2.03797245
-2.12011671
-1.31375396
-0.263497055
0.828571081
0.73445034
-0.680141747
-0.821156383
-1.12935746
-0.493648261
-0.322087646
-0.0060003032
-1.21209872
-0.711300313
0.535731792
-0.830520332
-0.932286263
-2.46658516
0.670776367
-0.283589423
1.0810529
-1.18323743
1.54060733
0.576157212
0.0857936144
0.726822257
0.320156693
-1.2974484
0.986184716
1.20215523
-0.218143225
2.08196497
0.906072199
-0.569149494
-0.187930554
-1.07165563
-0.0582610518
-0.198901936
-1.43902147
-0.371729583
-0.49459666
0.425579339
-0.78324908
-0.468544841
-0.714607
1.38356793
-2.33529186
0.93667978
-1.28218925
-0.746326268
0.807624221
1.73539519
0.240176484
0.110549249
1.23836851
0.722682059
1.32251775
-1.88051498
-0.59142679
1.13218117
0.931827068
-1.65839994
0.586622715
0.863461375
0.503281772
1.16723204
0.651110053
1.24798465
-0.14517048
-1.32305288
0.465626568
-0.864732385
-0.273119777
0.392905623
-0.415999353
0.57819736
-1.53882074
0.248329073
0.241093412
0.721945524
1.11505568
0.177396163
0.938952565
-0.485684901
-0.693103313
-3.28298545
1.08369315
0.267747074
1.80024314
1.30666578
0.608454108
1.03965569
1.86719966
0.0737502649
-1.4194665
-1.68660569
0.463571191
-0.0839617103
-0.159850016
-0.329834521
1.14125395
0.422916472
0.2071044
0.773349226
0.397486955
0.546507955
-0.798502624
0.416189194
0.441098064
-0.280548483
-0.1573724
-0.5853616
1.17508626
-0.253480613
0.31056264
0.9855721
0.876095533
-0.546661139
-0.904856384
-1.140396
-1.80734873
1.64319217
-0.324171722
-2.17049646
0.356341988
1.29477406
2.31223249
0.25828743
0.282284796
-1.41078103
1.49598885
1.1424886
-0.580499768
-0.845773935
-0.181442693
0.457443863
0.133452281
1.14827168
-0.131167144
0.559712052
-2.0597508
-0.878606081
0.751026213
-0.376270473
-1.41410136
-0.543128729
-0.782339156
1.1516341
1.7163862
-0.456328869
0.340732336
0.216642588
0.686793745
1.42526424
-0.850059509
1.03223884
-0.152945295
0.334254116
0.545785367
-0.979845941
-0.00247396529
0.05165473
-0.675641119
-0.110382393
-0.59044683
-1.17013264
-0.448161811
-0.360175282
0.468830019
-0.369833469
1.27008021
0.942924857
0.414883345
1.11975121
-1.78423822
-1.00703025
0.271475613
-0.113465287
-1.26060724
0.402975142
-0.355491042
-0.49595204
2.22037554
-0.205069557
0.168773413
-0.906543374
0.843352735
-1.53512955
-0.482999593
0.271792829
0.0543595292
-0.121524625
-0.0107901134
-0.863852322
-0.86002332
-0.0167094395
-0.995724499
1.03019631
1.10024095
-1.45125318
-0.741088927
0.423129827
1.36762047
-0.331933588
-0.178086177
0.889818907
1.0586977
3.0163877
2.28901124
0.366753161
1.25923681
-0.685793877
-0.34782517
-1.75577736
1.40822291
-0.782916069
-0.143638372
0.610874832
-2.25260043
0.468244225
0.370419174
-0.906555533
-1.52396822
-0.286939144
-1.94506192
1.90799093
-0.622265995
1.36459315
-1.15705645
-0.915556371
0.111688241
-0.515405953
-2.34334469
-0.397985399
-0.295134127
-0.895719409
-0.662136734
-1.46394372
1.06871271
-1.03999341
0.510629117
2.20340729
-0.321475983
-1.24822605
0.69587934
1.30197227
0.181544662
0.313843578
0.0671358481
1.74107182
-0.646552384
1.14471126
-1.19442654
-1.33499253
0.798744202
-0.725877166
-1.93187165
-2.73951674
1.28200138
0.00990110449
0.6299119
-1.03770757
0.867875338
-0.582561016
-0.14216502
-0.127630129
-0.0206184555
-0.415461212
-1.43956578
-0.0271032024
-0.757948279
-0.0291508846
0.518262982
-2.68052602
0.381081939
0.0439198054
-0.67896533
1.64294708
-0.671531796
-1.52492023
0.0225842055
0.0415373668
-1.22739613
-0.264260739
-0.116976969
0.0583224706
-1.67454267
1.15306151
0.900983512
-0.056932006
1.59458339
0.407577097
-1.84219968
-0.667163134
-1.65047026
1.01296067
-1.25106812
1.79700732
-0.794837356
1.00306189
0.405167818
1.79368043
-0.0738275424
0.679729521
0.281968564
-0.735448062
-0.191149056
0.0417142101
-0.709883571
1.72348475
0.712391615
0.595121086
1.8371799
1.28355002
1.08319628
-0.453302473
0.0267062075
-0.30695051
0.0417494774
-0.74287647
0.985761404
-1.79924667
0.777003407
-1.16942346
-0.576834798
-0.558285236
-0.281615943
0.143871099
1.10548961
0.219712645
-0.307359248
-1.02001214
0.41943416
0.357140452
0.659920216
-1.74394321
-0.638715744
-0.743269384
0.431147248
-0.548192143
0.443743497
-0.584786236
0.125810578
0.165655732
1.00581431
0.0299155246
1.14882076
-1.35103011
1.12956631
0.941858411
0.0823578387
-0.450382799
0.897253275
-0.769342244
0.690269172
1.20776939
-0.959306538
0.704760969
-0.789299488
-0.606597364
-0.780980587
-0.241302028
-0.436442554
0.387731373
-1.24759257
0.333438247
-0.28097856
-0.0800925046
0.716301322
2.26689458
-2.57944489
-0.791801691
0.174865752
-0.182759941
1.5512656
0.854659557
0.707259834
-0.0445422083
-0.486260742
-0.558423996
0.668119013
-1.71295309
0.190386757
-0.449007511
0.380716026
-1.57158744
-1.07080173
-1.01980424
2.0555985
-1.50131977
-0.127286062
0.821546257
-0.978224993
0.832120597
0.248014256
-0.810156226
-0.2327189
-0.0191063434
-0.949402273
0.740924537
0.219672933
-1.2685765
-0.0828327611
-0.238827914
1.25617445
-1.0574609
0.531023562
-0.420366168
-0.599027693
-1.21885443
1.00117731
0.865231454
-0.545685828
-0.801522672
-0.27469629
-0.564335763
0.970682085
-0.632154405
1.62760663
-1.146469
0.837968767
1.43632364
0.137472242
-0.902903438
0.976622045
1.27121186
1.58450091
-0.370278656
0.675672054
-1.33379555
-0.0209722947
-0.291240096
-1.16407287
0.778875351
-0.140657157
-0.602110088
1.29065943
-1.19542086
-0.807392716
0.507464945
-0.394159764
-0.0861013159
0.654339552
-1.91292048
-0.704996705
0.561403334
0.360572577
0.706665933
0.786480129
1.40344834
-1.0444988
-0.157032683
1.00601828
-1.21703303
2.17201352
0.648384571
0.635366738
-0.0718425512
-0.088236481
-0.946201861
0.134172559
0.602547824
-0.228834823
0.315365702
0.374754548
-0.853273749
0.854052067
-0.521929145
-0.370057762
0.212264702
-0.422513843
1.05885828
-2.38225555
1.80156016
-0.200856462
0.496119648
0.231544599
-0.734490037
-1.88311207
-0.930627823
-1.56714964
-0.0444923714
0.883354843
-0.453475803
-0.973257065
-2.08093691
0.504905283
-1.75512075
-1.22800672
-0.230767116
-1.48636758
-0.582471609
1.70622802
-0.25844425
-1.27446222
0.167882472
-0.00519203022
0.535852313
1.49812329
-1.77253902
-0.408005565
-1.86814213
-0.0864876285
-0.391837537
-1.47760463
0.309361547
1.07385659
1.6654222
-1.2298075
1.23624241
1.00814688
1.75916648
2.25961828
1.14083159
-1.41002738
0.955280423
-1.00389516
-0.319257706
0.0251989402
0.384515196
0.899648249
-1.08905721
0.318123579
1.37597716
-0.819210649
-0.00527038891
0.54085815
-0.066834718
-0.747729421
1.14979053
-0.866410434
0.382160783
-0.911326289
-2.05939889
0.392107397
0.197778568
1.16352749
-0.308387846
-0.167924598
-0.59499079
0.293694913
1.10237074
0.556787848
0.167517409
-0.994273305
-2.29217482
-1.07102633
1.81524801
0.483735979
-2.49813867
1.66027188
-0.840942562
-1.48460698
-0.536391139
-1.13346958
0.107770912
-0.0687601119
0.51286155
0.873312294
0.996611178
-0.827255845
0.289434046
-1.15855074
0.463269085
1.16664422
-0.0636820495
2.2574656
0.665308177
-0.13466005
1.80804563
0.0795216635
0.433935106
0.542021513
0.0241783597
-0.480596811
0.343469441
-0.883145928
-0.824944198
-0.406043559
-0.578412533
0.110101052
1.62876546
1.18576002
-1.95226133
-0.134679839
2.59802294
0.377475441
1.37899065
-0.301389426
-1.84331322
-2.65612173
-0.975304961
0.749739826
-0.496924758
-1.11055064
1.3871702
-1.00410819
-0.405872375
-0.626763105
0.0912993923
0.545162618
0.570800126
0.143566847
0.125746563
-0.468901724
-0.473994195
-1.09866679
1.03241324
0.876237392
-1.3415314
-0.362349212
1.09506893
-1.37629545
0.810383677
0.00485163555
0.248121575
0.816712439
0.418372214
0.687092841
-0.0955843925
1.09535265
0.463993132
0.0104435356
0.387940884
-1.86243808
1.07541907
0.928678274
0.0209922884
2.26500368
1.09934771
2.28404832
0.488497019
-1.19773877
0.190661356
-0.980334461
-0.138021052
-1.00767803
-0.394154698
0.160199508
-0.0301343948
1.73224866
-1.10698068
-0.031041557
0.597634792
1.30256224
-0.957481086
-0.658946812
0.951899886
-0.531060696
1.48448455
-3.01554823
-0.580842435
0.00506358407
-0.634625554
0.406072706
1.38310409
1.07778263
-0.861102641
-0.554562628
-0.696053326
2.08706784
0.259134233
0.420768768
-0.886947751
-2.02620721
0.304662049
-0.209761634
-0.282652587
-0.22029084
-1.00937462
-1.09783769
1.1530298
1.27141237
0.520584404
-0.874822319
1.04073393
1.2747407
1.06957603
0.760540009
0.319257408
0.739673078
-0.0945618302
1.47766852
1.18030167
-0.0860500485
1.40689492
-1.20328593
1.30872178
0.910487592
1.75469792
-0.186376154
0.244210377
-0.137869433
0.057590358
-1.81329834
2.02507234
0.56412065
-0.2308487
2.06181765
0.018892087
-0.714068055
1.28905237
0.288986742
-0.8786937
-2.5351758
1.3678906
-2.9452765
-0.205508903
0.321122825
-0.388575435
-0.839079559
-0.11360576
-0.298796892
-0.687763751
-0.72270149
0.859534323
1.96569419
-0.216861382
-0.592015028
-1.67157316
0.15216808
-0.298475236
2.32617426
-0.723164141
0.119781025
-1.9423871
0.677228808
-0.0310343765
-0.385810375
-0.518813014
0.298132688
-0.457031667
-0.0117364591
0.356506079
1.11567461
-1.81508327
-0.700419784
0.263145387
2.29953671
-1.65406811
-1.4456085
-1.10813653
1.65517163
-1.50593996
1.34726012
-0.0890567005
0.0223762114
-1.33037126
0.0959818512
-0.00913370959
0.214024484
-0.498522282
0.31311667
-0.143713295
0.505493343
1.22362125
0.452455759
-0.573330402
-1.05173898
1.49612331
0.220358342
1.36027503
-0.331756979
0.809283137
-1.00925744
1.15282142
-1.15448821
-0.38915354
-0.477014065
-0.00793631654
0.951167345
-1.64280975
-0.495462179
-0.669775605
-0.401872575
-1.51284587
-0.744815171
0.581506729
-1.14361858
0.73463738
1.43985355
0.932317972
-0.95288372
0.722870231
0.206816301
-0.478612721
-1.34854794
0.0300274529
-0.728647649
0.593719125
-0.873663664
-0.172420368
0.497761041
1.66987133
-1.71869385
0.0721646175
2.00811267
0.330563724
-0.960526586
-0.967770755
-1.33588636
-0.200154588
0.0736748129
-0.118917122
0.157612175
0.784822881
0.843727708
-1.55174637
-0.474525899
-1.0092802
2.70026255
2.09884882
0.701911032
1.57091963
-0.817841828
-0.970023036
0.0160210524
-1.34218872
-1.97075486
1.73120201
1.82018471
-1.40095401
0.0201494563
-0.997157454
1.43388307
-0.07074067
-0.478473783
1.11700463
-1.16756785
1.17107558
0.459046781
0.02864342
0.51748991
-0.582648456
0.414932996
0.678415239
0.355864465
1.05457711
2.01849079
1.63527393
-0.500828147
1.31929493
0.695675135
0.354340822
-1.42248178
-1.27162993
-0.874127209
-0.494508803
-1.24520564
-1.21494353
1.26278329
0.516512156
0.142245069
-0.14514339
3.18027186
-0.146972075
-0.302051663
0.585488677
0.00507731037
-1.2532022
0.239859879
-0.134107232
0.385991573
-1.57356894
-1.77196312
-0.135771692
-1.4191159
-0.557224452
0.0250795148
-0.287216306
0.374504566
-1.20928943
-1.23079836
0.725982785
1.81000209
-0.740994692
0.166827694
-1.00192773
-0.223358557
0.848963559
-0.536829591
0.210030675
-0.0757982656
0.729604423
0.443612456
0.0779915377
0.477523208
-1.55620003
0.565424979
-0.358378112
1.34409034
1.03765655
0.288854152
2.3676784
-0.195119351
1.40918624
0.328341424
0.261058152
0.492280245
-0.81975013
-1.00151837
1.69673216
0.691004038
0.786684334
-0.514544904
1.00251222
-0.72395283
0.271453559
0.390066057
-0.335152328
1.29359651
0.0974352285
0.191754311
-0.0848846585
-0.1728542
1.38143122
1.56736696
-1.60770214
0.331433982
-0.296973228
-0.0714247599
-0.24175325
0.500990808
0.612455904
-0.0558218658
-0.511826217
-1.05277848
-0.614330113
-0.954579651
-0.0652089715
-1.65837014
-0.384414673
1.33251321
-0.473978698
0.87390691
-1.04213274
-1.64342487
-0.113901682
-0.21137929
-0.448745728
2.20454907
0.0890007392
-0.602733076
-1.76186144
-0.357046038
-0.625412643
0.595994294
-0.685159206
-0.676099718
0.560056686
-1.29489088
1.23399627
-0.260077536
0.574231982
0.0709546134
-0.289315999
-0.0935942158
0.888009489
0.182195485
-0.993620038
-0.621689796
-0.607216954
0.0219444614
0.91423595
0.719007075
-0.117972948
0.06518659
0.982921243
0.716681838
1.2101891
-0.995206833
-0.331993848
-0.441430539
2.802984
0.615420759
-1.33808005
-1.27875006
-0.398563534
-0.291458338
-0.08161477
1.0341903
-0.546645641
0.532311618
0.779409289
1.13586128
-0.0980260223
0.74400866
0.779259086
-0.361906469
0.696422279
-1.78804576
-0.560755253
0.601448953
-1.12963235
-0.144350961
-0.39724499
2.08618641
-0.324573308
0.00158015057
0.255649149
-0.551644683
-1.07474411
-1.34364021
0.323429018
-0.019423103
-0.894089401
1.05839157
0.76137054
-0.403201014
-0.227750063
0.14577359
-0.0473155826
0.972313225
-0.882322311
1.27554548
-0.672283947
-0.132185459
1.97466373
-0.302207738
-0.0958394557
0.800321043
0.504344106
-0.371174276
-0.70290643
0.261110246
0.704181552
0.788234234
-0.724835038
0.266510457
-0.410539299
0.075106971
-0.0796833709
-1.30984247
-1.2406584
-0.333214372
-0.507588267
0.283947945
0.505073011
0.338160545
0.189083248
1.16791737
-1.14856315
-0.0896116346
-1.20635915
1.67817104
0.473379254
-0.0970145464
-1.09652579
1.22699189
-0.556893587
-1.61191058
-1.91066766
-0.197658077
0.88565433
0.373500705
2.61501312
0.153030276
-0.63433224
1.16929328
-1.66721809
-0.821438551
1.03182149
-1.24512565
1.23596787
0.623877525
-0.349555552
1.51092708
0.0903148055
1.950405
-0.0371045619
0.051526241
0.556759238
0.0271473117
2.29516339
-0.604657888
0.364372343
-0.0329817906
0.547669888
-0.927806079
-1.38987899
1.34608161
-1.65547657
-1.02060997
1.71253276
-0.590994954
-0.00978203211
0.875404119
0.0447482206
-0.920093715
0.120838493
0.451661766
-0.445328712
-0.490077496
1.49670255
-0.4044438
-2.09352016
0.041125983
0.218563095
0.133003086
0.779894054
2.64144182
-0.486256003
-0.865265846
-0.141047969
0.517009854
-0.906432152
0.79044348
0.46254167
-0.441540927
0.188956261
0.452663958
-1.06686664
-1.23258936
-2.00108123
-0.752072036
1.63056266
-0.376812637
-0.110144585
0.202472508
1.86881661
-0.444128782
-1.27898097
-1.65562046
0.147531375
0.0246905759
0.907253385
0.617856562
-0.499543279
0.0484935381
1.36110866
-0.344622225
-2.34533525
1.08642948
0.675374627
0.968832433
-1.4503057
0.750774801
-0.288042456
0.918479085
0.699652493
-0.948419213
0.35073182
-0.108963653
-0.0432824716
-1.017205
-0.91190654
0.906273067
-0.860498071
1.86248779
0.582085848
1.28404284
-0.273784369
0.717518866
-0.781410515
-1.85400617
0.0029959206
-1.0138092
1.16176009
0.942735016
-1.31551075
0.237872809
0.0733866543
1.44793117
-0.0150966011
0.816788077
0.278257996
-1.11192739
-1.92779028
-0.667443752
-2.1924243
1.5886271
0.260893077
1.11759186
0.656270325
-0.056519594
-0.875279665
-0.176146224
-0.528419673
0.699492574
1.04981828
-0.2760382
-2.11626506
-1.20046675
1.44571483
0.117158763
0.0856209174
-0.288109004
-2.07828832
-1.26543772
0.389393121
0.228216499
-2.25879955
-0.844564497
-1.57970095
0.679227948
-0.182585746
1.17802477
1.44218409
-0.923921824
2.15326357
-0.131088197
0.598940611
1.30460739
-0.573488176
-2.58809328
-0.0698945597
-1.0433625
0.8284356
-1.7736218
-0.731558681
-1.1747086
0.956198096
-0.735313654
-0.0752710626
-0.494330853
-2.51974416
0.768340826
-0.450591773
-0.355918914
-1.12869799
0.57241565
0.43690154
0.74320966
0.749734223
-1.76208115
-1.59673893
-0.759132028
1.58599043
-0.484981179
-0.0628531203
-0.177520424
1.05456007
-1.3402487
0.286950111
0.461545706
1.11104536
1.0914973
0.89907831
0.334514856
2.20786452
0.162860125
1.47015083
-1.47121918
1.378353
-0.475263655
0.345975965
-1.59103692
1.00987148
0.233103856
1.44866073
0.106729947
-0.381049871
0.548864961
-0.240602076
-1.55923331
-0.779031873
0.0621133931
-0.0244534407
0.617142916
0.272500992
-1.09233296
0.909747064
-0.731988549
-0.975661337
-0.891040206
-0.584220886
-0.622930467
0.39665845
-0.24226819
-0.236971036
-0.184994608
0.11800006
1.25848222
-0.979894161
-2.41585875
1.53601861
0.175429881
-0.495628864
0.937453806
0.0518280864
1.65220487
-1.24788094
0.162124231
0.198802203
1.00633311
1.12541795
1.18637764
1.10080016
0.232091814
-0.844638884
-0.190068394
-0.0744177476
0.66458565
-0.978669167
-0.0993475541
0.00401024986
-1.84440839
-1.45880139
-1.01866376
-0.745508492
-0.970996201
-1.09587431
-0.838290513
0.350677371
-0.19379507
-1.7108407
-0.49850595
-0.570529222
-0.842838705
-1.20503783
-1.65547919
0.746943176
1.6022377
-0.7488392
0.336201191
-0.532962561
0.335165918
-0.0943673551
0.452087909
-0.087230362
1.52739727
-0.606857657
0.284880012
-1.81171966
-0.537990332
0.0529427417
-0.309743315
0.506198287
0.411176115
-0.846515477
0.761278629
1.23289549
0.314808607
0.347721815
-0.130808011
0.118088
-0.509257972
0.187088594
-0.157280684
-1.01294971
1.34093857
-0.298978299
-0.357569307
0.246673137
-1.21287656
0.29668057
0.403149068
0.332252026
0.689460874
-0.3071751
-0.152626723
0.118505478
1.46005094
-0.685488522
0.35304448
-0.523765385
-0.0219895784
0.159293726
1.0571686
0.223097429
-2.43858886
0.224227905
1.07074034
-1.55498528
-0.0702419654
-0.483471274
-0.202879995
0.00496578729
0.839086115
2.13704562
0.190092027
-0.882176459
0.343559891
-0.344484419
-0.0718054697
0.820486724
-0.0775081068
0.0316890143
0.756601095
0.219946414
-0.143777519
-0.948528171
0.8640064
-1.23300743
1.28987646
-0.0749739632
1.68605256
1.80662489
-0.478162408
-1.09288979
0.772658467
0.821835518
1.3426646
-0.316242665
0.573867261
-1.18302202
-1.39050233
-1.57945299
-0.191313311
-1.83552945
-0.0721117705
1.60824323
0.354633987
-0.735399127
0.0783080161
0.797569394
0.369945943
1.10233772
-1.19737399
-0.295688361
0.706369936
-0.846461713
1.02673864
-0.938396871
-0.260994047
0.320363581
0.110756055
1.7880646
-1.4813503
1.01986122
1.66249871
0.549545169
-1.05697882
1.82814407
-1.62590253
0.0523578338
-0.601020515
0.191246614
-0.376211941
-1.58964396
0.519846737
-0.529059052
-0.586426079
-0.308577418
0.565809667
-0.747581422
-1.06867576
-0.185628295
0.265157282
-0.790812969
0.980805337
-0.174591079
0.902136505
-0.203069091
-1.38909924
-1.75690627
1.11820865
-1.38978469
0.853698373
-0.614859343
0.178922489
0.579909325
0.0499939322
1.03638077
-1.74140835
-0.301389396
0.883484304
-1.27104878
0.780868769
0.17653428
0.672132671
-0.973364711
0.0915628448
-0.790121198
-1.18788254
-0.963091254
1.18955541
0.00347490259
-0.228545904
-0.0104767457
0.317700356
-0.902972937
1.27961349
0.597684443
1.84365666
-0.0292804223
-1.04952598
-1.09729505
0.116568044
-0.291685671
0.846301675
0.983441949
0.373449981
-1.03409624
0.743732512
-2.39144182
-0.536905527
0.803919196
0.026345415
0.862849474
0.433612198
-0.351735771
-1.37224555
-0.110229351
1.15684688
1.23681974
0.407380283
0.186349943
0.845086873
0.413034618
-0.782377779
1.74672377
-0.0583360195
0.922348559
0.592405975
0.830210149
0.594559729
0.233816326
1.42337596
-1.24367309
0.431499153
-1.39375627
-2.06102848
-0.891166747
-0.875695527
0.774014354
-0.38679561
0.077408731
0.153851539
-0.727096498
-0.408452541
-0.513376772
1.24126947
0.901282787
1.19821084
-0.191774905
0.240921482
-1.69328749
0.475616425
-0.593873084
-0.528141797
1.74606121
0.547609091
0.337210178
0.736409605
-0.484451205
-1.32950401
-0.66632086
0.936737597
0.0626445636
0.631076097
-0.142268121
-0.833543062
0.755877316
2.65855527
-0.070078738
-1.49684477
-1.5373559
2.45625806
-0.132758483
-1.14189744
-1.22154891
0.297272027
0.86272198
0.1422773
-0.475333244
1.65916693
-0.827772141
-0.0489871204
-0.832100809
1.13862264
-0.44587934
-1.61508691
-2.23660016
-0.392077863
0.363137335
-0.419739038
-0.845013082
-0.622449517
0.639136374
0.122447371
-1.674106
-0.035186477
0.222010553
-2.00510311
0.671184838
-2.06863427
-0.189749926
-0.0848284811
-0.189406812
-1.49308419
0.0518515781
-0.0800909549
-0.200128496
-0.78244704
-0.343739003
-0.56402123
1.0933919
-0.747216105
-0.0807440206
1.23830605
-1.45895696
-1.48521066
-1.47109139
-1.81367242
0.579128206
-1.27106225
0.110721961
0.772954226
-1.07713377
2.2215476
-0.738032341
1.33101106
-0.783270359
0.669144809
-0.403678507
-0.699061215
-0.272268414
0.405504018
-2.31551528
0.992689967
-0.338492066
-1.28143036
-1.43752575
0.832652867
2.75701952
0.284582973
0.167083189
-1.36015153
0.528901577
-0.730326056
2.2069757
2.5582521
0.662611067
0.0791683942
1.18669486
-0.466488332
-0.863605142
0.144918114
1.76471651
0.969189942
1.05973637
0.429151595
-1.13955331
0.696382463
-0.693742871
-1.20966256
-0.401174337
1.77626455
-0.347236603
-0.765381813
0.171651989
-1.42965233
0.818213105
0.961208642
-1.51923072
-0.376488626
0.970437884
0.343927592
-1.07239711
-0.431102663
0.338419616
0.959551692
1.0842644
-0.367051959
0.104605198
0.497913212
0.267766714
-0.731225312
-0.836872816
-0.265023738
1.77411509
-1.6822207
0.735190451
-0.452545673
0.347034574
0.22817637
-0.462692082
-0.552708924
-0.0312526189
2.08655953
-1.75300097
0.103334643
0.255430937
0.424642533
-1.10068393
-0.829658031
0.1486274
0.362104297
1.48311961
-0.590624869
-0.15834479
2.5123055
1.38028109
1.02050543
-0.394215643
-0.242391452
0.540876865
0.426122516
0.320929289
0.226615712
-0.713886619
0.177345768
1.24433434
-1.67405736
2.04642272
-0.217320591
-1.95842469
0.632733345
-0.19874455
-0.0547064245
-0.761499345
0.0321103148
-1.38075495
0.932912886
1.03681505
-0.972372591
0.194463551
-0.257031471
0.207801729
-0.700770319
-0.153091073
-1.42773628
-0.441802531
-0.493008465
0.0708001181
-0.591568291
-0.102141276
0.486844659
0.60319066
-2.7084136
0.575582981
-1.16648376
-1.49481332
-1.20278978
1.10474706
0.127299964
-0.464293599
1.00937665
0.855309904
-1.92481136
1.61624098
-0.0886173099
1.24577963
0.568744421
0.8292889
-1.06680369
0.93957448
2.29592991
1.01246452
-0.781562448
-1.53913593
-2.25184035
-0.811402678
-0.519501925
-1.53040683
-0.120441616
0.898786664
0.412481934
-1.92616022
0.735451996
-0.360301554
-0.0964099392
-0.737847686
0.611740112
-0.0570523143
0.124340184
0.839614213
-0.41797632
-0.141180664
-1.02171254
0.784104109
0.820825219
-1.44840932
1.89359438
1.08079135
0.542084932
0.572756886
-1.37243211
-1.84913504
-1.41224468
-0.0189880226
-0.00195452664
1.32452214
0.125483289
0.0137755303
0.373692006
-0.966385663
0.406885356
0.46847263
1.86706853
0.159570038
-1.56284642
-2.29532647
-1.17286813
-1.51822293
-2.33256173
0.140953973
0.021995306
-1.61444652
2.9775815
0.0992656574
-0.51862663
0.758412123
-1.5191431
-0.317356527
1.63722384
0.80747509
1.86184001
-0.924190879
2.01150107
-0.777401984
-0.686587095
1.06265867
-0.195051059
-0.114274487
0.666695654
0.00976352487
1.14068592
-0.53695035
-0.297652662
0.0122767761
-0.231307298
0.0564913265
-0.326239973
-1.6008836
-0.872518539
-0.374600828
1.25271809
-0.357486129
-1.2213074
-0.366477102
0.939349353
1.80167627
0.631232738
-0.0907622501
0.243730769
0.503387809
0.612256646
0.0123731149
0.467826128
-3.01501656
0.0328181162
0.320762336
-1.39619124
2.41081285
1.16039443
0.938778102
-1.55467808
-0.0610630214
0.633351326
-0.718971908
0.6219365
-1.30336368
-1.21617055
1.02183139
0.517614067
-0.820005953
-0.758066475
-0.662086964
-1.60151958
1.97523081
0.18981491
0.592383206
-1.57169199
0.732415438
-1.04829633
0.0940195322
1.24847567
1.3060652
-0.261314332
0.419666171
-0.240072772
-0.139342859
-0.0416446216
-0.113607325
-0.079970412
-0.660719573
-1.78167593
-0.901299715
-2.46763229
-1.05846429
-2.1242764
-0.762061715
-0.493953109
1.5967046
-0.329712033
0.134701341
-0.420801431
-0.280298233
-0.340715349
0.341141671
-0.769375741
-0.170440719
0.578289032
-0.84808588
-0.996418595
0.482766986
-1.28268743
-0.0971069783
0.205492407
-0.81584084
-0.939848602
-0.288303614
0.977384508
-1.77648437
-1.76727569
1.0927918
-0.983046591
-0.23612915
-0.117463715
-0.771240175
-0.601951182
0.172595203
0.0433647893
-0.357381821
-0.161845535
0.539444208
1.17410362
1.86497378
-0.366574794
-1.07486975
-2.06441307
-1.82924664
-1.73751378
0.912508667
0.469540298
0.0533653386
2.08111143
0.707599699
0.431023091
-0.265467942
-0.730118573
-0.605844676
-0.845941305
0.839943707
0.342214614
0.032322906
-0.200654283
1.26071632
-0.707804441
-1.33536708
-0.45455876
1.91371763
0.253652394
0.25780645
1.61903453
-1.02410567
1.50228775
-1.91577601
-0.181208327
1.02318728
-1.24559927
0.559077621
-1.57322764
0.820293725
-1.30075753
0.408998281
-1.56925452
-1.1003772
-1.00132716
1.01188862
1.3148526
0.0122859655
1.09032905
-0.220374584
0.304353923
0.386574
-0.897253096
0.0891257003
-0.839963734
-0.0580765419
-0.0459026657
0.983417511
0.395494044
-1.06974709
0.596122146
0.489603311
0.452282339
0.779878497
-0.880664051
-1.007236
-0.145566136
0.136501938
2.57996726
-0.47762385
0.508391738
-0.797324479
-2.09978962
0.290172696
0.146499708
-0.821712434
-0.696593046
0.0445168838
1.95764196
0.478187561
-1.2383697
-2.05211878
0.179871634
-0.669921935
-0.0608511642
0.855007946
-1.35434961
-0.709803462
0.258575052
0.721060812
-0.442613006
1.1397512
0.187408671
0.178967953
0.2551319
-0.251193404
-1.50403535
0.438926041
0.839780569
0.710752487
-1.73816824
-0.576291442
-0.349202812
1.87788486
-1.19019139
-0.208235741
0.530492485
-1.40967739
1.32678401
0.819977701
0.746878982
-0.00169945729
0.880674541
0.266254783
1.00732791
-0.331417978
-0.457479507
0.896287322
-3.189363
0.831578851
-0.352532387
0.451706052
2.01529002
0.423201084
0.114477485
-0.0772798061
-0.901093245
0.459038585
0.311341137
0.697047174
1.29611754
-0.665673316
-0.439554751
2.71895051
-1.22373641
-0.554920793
0.404021114
0.573815107
0.178554267
-0.446840823
-2.05627823
0.582339346
-1.0580132
-0.627699435
-2.03757739
1.36969686
1.46856284
-0.719288468
-0.482907683
-0.245451689
-0.119141906
-1.720263
0.475531638
-1.04880905
0.0413248315
1.11810207
0.113327436
1.13994145
0.85160327
0.427322209
-0.493154854
1.42325568
1.31583297
2.13545465
-0.171021432
0.788777053
-0.498988479
-0.0632507652
-0.0756340474
0.179561093
1.56029892
0.803366065
-0.810064971
-0.898083329
-0.79845494
-0.694698155
0.789135456
1.1755029
0.640615463
0.571419835
-1.03988433
2.00898075
-1.67339456
0.333254367
-0.202013955
0.737644076
-0.341578275
-0.936532795
0.213442236
1.2098037
0.402017117
1.55110812
0.095718421
0.400925785
0.632072806
0.498901397
-0.2485241
0.677088916
0.991834998
-0.499251097
-1.98583043
-0.604523182
-0.293623239
0.211296335
0.889047086
-0.414916247
-1.37903166
0.931754112
-0.172231391
0.427805901
-0.96000284
-0.430993646
0.389273167
1.02579379
-2.15979719
-0.142747313
-1.10770595
-1.69651318
-1.39155853
0.442461908
-0.187413722
0.746641517
-0.00041425816
1.12861478
1.42228603
0.178765312
1.2649138
-0.752116084
1.0225805
2.12323713
1.36578155
-0.747217894
-1.05986464
1.97643316
-0.676926255
0.792671859
0.864827871
1.34689033
0.440680385
-0.103737637
1.05499065
0.774333
0.671083748
0.937867939
0.433330476
0.579633534
-0.0478021875
-0.667842865
0.0152290566
0.490023285
1.53032839
-0.28658542
-0.866391063
0.625905991
-1.42914164
-0.103783153
-1.29362071
0.320281684
-2.11330676
0.0727628469
-1.48548651
-1.3359828
1.00690103
1.32163346
1.48641193
0.320030838
-0.0452549905
-1.61327255
-0.105074197
0.728545189
-0.961411774
-0.264144987
0.519049108
0.304338217
3.41738939
-0.273465931
-1.33687055
-0.887443006
1.18855095
0.142620265
-0.326033562
0.196669415
0.0276412275
0.135686874
-1.04672074
-0.413981557
-0.661544144
-0.731669366
1.41899586
1.06293702
-0.157181785
0.781568229
-0.222938731
-0.727132201
-1.05408466
1.53944194
-0.950958192
0.972159564
1.9523201
0.100593179
-0.526403189
-0.412377268
0.466285527
-0.586696088
0.998762965
2.24092841
1.77680218
1.47549641
-1.16793311
-0.257769972
-1.91203213
0.130127043
1.00044239
-0.861393034
1.74421215
-0.127517298
1.16494107
1.3133173
-1.15371656
1.21183681
1.88944626
-0.146426409
-0.522474706
0.869460225
0.377685368
0.942936122
-0.333883971
-1.01348901
0.322555482
-0.188770577
-1.67223716
0.218961582
-0.871218562
-0.729020715
1.28330934
-0.0667585284
-2.15797877
-0.287944108
0.0313746482
0.193292946
-1.06167471
-0.237240627
0.28136903
0.858615279
-0.287585944
-0.0278318152
1.69252217
-0.842833698
0.624645829
-0.642150223
1.45798302
-0.222573072
0.980834186
1.40072083
0.266362041
-0.943202078
-0.461443365
-0.35018912
-0.640973032
-1.06436026
-1.08324897
-1.16798723
-0.807363451
-1.07951665
-0.88703084
-1.29139686
-1.22903907
-1.27991652
-0.670683324
-1.14812648
-1.22073114
0.975630999
1.41145658
-1.27004075
0.125528708
-0.348444074
0.535952628
0.0357412025
1.15417969
-0.532678962
-0.0515906066
-0.343600839
-0.543411016
0.428952932
-1.319574
0.887085795
-1.07768822
0.164524376
0.590253711
-0.36716184
0.857620239
1.16477776
-1.33754992
-1.11684525
-0.438529223
-0.165612206
2.02734041
-0.998587012
-4.34328032
-1.27124465
1.15543735
-1.39371121
-0.0825419948
-0.567700386
-1.11621106
-0.662812233
-0.830572546
0.75631845
0.9229303
-0.586806655
-0.262204558
-1.45277369
-1.94647717
-0.561121166
2.36539435
-0.52017194
0.0403006561
-0.0327781737
0.584730148
0.673174679
1.54141819
-0.365440428
0.198487476
0.843554556
-0.934235275
0.752752781
-0.142493516
1.19023001
-0.0639654323
-1.48489904
-0.674941003
0.905968428
-1.57912099
-0.381441832
1.33675385
0.899961114
0.68754667
-1.17005622
-2.20928121
1.31721938
0.640505493
-0.411246151
-0.134595618
0.630741835
2.25161552
-0.951333582
0.770249188
0.329726309
0.0658956096
0.681066871
1.10119915
0.416091383
-0.776222646
0.544489026
-1.1385479
0.182822585
-0.346123546
0.309137136
0.177479759
-1.27867365
0.528534412
0.633033514
-0.470377773
-0.913695753
-0.00553187774
-0.342378944
-0.36391899
0.916731298
0.319450855
0.324907243
0.48670125
0.252619356
-1.65117931
-1.63022959
-0.362635672
-0.844981015
0.847193003
0.317549974
2.82898641
-1.04943156
-1.76526916
0.749255896
-0.922921002
-0.345621914
-0.672074914
1.05614412
0.412200272
-0.653345108
0.744943202
-0.127292961
1.60816002
1.75697351
-0.494431138
-0.266579956
-0.215665087
-1.29626179
0.750464976
1.31474209
-0.0764846504
1.55717528
1.21705091
-0.37540561
-0.374434352
-1.33079803
1.15837419
0.310526252
1.04717743
0.771047831
0.0285183918
0.869644523
-0.130269349
0.820088685
-0.743421853
0.223924339
-0.544157028
1.62585795
-0.370416433
-0.19188343
-1.08079696
-1.01644707
-0.0377878174
0.585314691
-0.78820318
-0.702807665
-0.886147141
0.159954771
0.334873378
0.523059785
-0.388281554
0.797594011
-1.07002091
0.382532984
-0.0116203874
1.13988137
-0.0325066261
2.01682258
-0.215454265
0.111413814
-0.509907544
-0.677869678
0.544957995
0.292139858
0.732025146
-0.858034074
-1.15839422
2.15778589
-0.416948348
-1.41978061
0.341850847
0.969293892
0.880822837
-0.760704696
-0.689786911
-0.15394558
-0.834708989
0.4196558
